key,label,gold_text,asr_text,wer
1_10004_u,0,"and of those few months, how long have you been a demented sex pervert?","and of those few months, how long have you been a demented sex purver?",0.07142857142857142
1_10009_u,0,"let the dead man talk. so, why do you think that?",let the dead man talk. so why do you think that? well...,0.18181818181818182
1_1001_u,0,"what else? sell it on ebay as ""slightly used.""","what else? stand down on ebay, it's slightly used.",0.6666666666666666
1_1003_u,1,"good idea, sit with her. hold her, comfort her. and if the moment feels right, see if you can cop a feel.","you are again. good idea. sit with her. hold her. comfort her. if the moment feels right, see if you can cop a feel.",0.2727272727272727
1_10190_u,0,"well, now that i've given up string theory, i'm struggling to find my next area of focus. so, in your professional opinion, which of these areas do you think is the most promising?","but now that i've given up string theory, i'm struggling to find my next area of focus. in your professional opinion, which of these areas do you think is the most promising?",0.06060606060606061
1_10462_u,1,"you know, if you're really serious about that, i hear there are some exciting opportunities in home care for the old and fat.","you know, if you're really serious about that, i hear there are some exciting opportunities in home care for the old and fat.",0.0
1_10495_u,1,"and if it turns out you don't... - you and i could live together. - you and... oh, sure.","and if it turns out you don't, you and i could live together. you went, oh sure. you won't.",0.3684210526315789
1_10496_u,1,"- you and... oh, sure. and while we're at it, why don't we get engaged, too? why don't we get a little house, start a family? enjoy our sunset years together? do you hear yourself, woman?!","you and i could live together. oh, sure. why don't we get engaged, too? why don't we get a little half, start a family, enjoy our sunset years together. did you hear yourself, woman?",0.3888888888888889
1_105_u,1,i'm just inferring this is a couch because the evidence suggests the coffee table is having a tiny garage sale.,now i'm just inferring that this is a couch because the evidence suggests that coffee table is having a tiny garage sale.,0.15
1_10748_u,1,"there they go, fighting again. you'd never hear her talk that way to sauvignon blanc.",there they go fighting again. you never hear her talk that way to savignon blunk.,0.26666666666666666
1_10797_u,0,"i'm with him three years, nothing. she's with two minutes, and he's taking his pants off.","i'm with him three years nothing. she's with him two minutes, he's taking his pants off. i'm with him three years nothing.",0.5625
1_10810_u,0,i'll give you a plan right now. step one: open comic book store. step two: start rumor this comic book store gives you genital warts.,"i'll give you a plan right now. step 1, open comic book store. step 2, start rumor, this comic book store gives you general warts.",0.16
1_10829_u,1,"on the bright side, that oxford study was right. one friend down. i wonder who you're going to lose next.","on the bright side, that oxford study was right, one friend down. i wonder who you're going to lose next.",0.05
1_10849_u,0,that's how much buying a comic book store means to me.,that's how much buying a comic book store means to me.,0.0
1_10853_u,0,"okay, sit down. listen, emily, what happened between me and raj was a long time ago. it was,","okay, sit down. listen emily, what happened between me and raj was a long time ago. it was...",0.1111111111111111
1_10857_u,0,it's true-- you're both gorgeous. kind of says something about the man who could bed you both.,"it's true, you're both gorgeous. kind of says something about the man who could bed you both.",0.058823529411764705
1_10859_u,0,i don't need a reason-- it's my house.,i don't need a reason it's my house.,0.125
1_10890_u,1,"boy, when you met bernadette, the field of robotics really took a hit.","boy, when you made bernadette the field of robotics, really took a hit.",0.23076923076923078
1_10977_u,0,let's not talk about this in front of our friends.,it's not talk about this in front of our friends.,0.1
1_11006_u,1,maybe it's a good thing we came here. it's like a lesson in what not to do.,maybe it's a good thing we came here and it's like a lesson in what not to do.,0.11764705882352941
1_11021_u,1,"same as all of us, getting out of a car without underwear.",the same as all of us get out of a car without underwear.,0.25
1_11042_u,0,"because no one wants to see neil degrasse tyson in a wet t-shirt, bent over the hood of a porsche.",because no one wants to see neil degrasse tyson and a white t-shirt bent over the foot of a porsche!,0.25
1_11046_u,0,"wow, he really went where no man has gone before.","oh, you really went where no man has gone before.",0.2
1_11051_u,0,"well, he said it was a tribble. it could be a toupee, but either way, it's pretty cool.","well, he said it was a trouble. it could be a two-pay, but either way, it's pretty cool.",0.1111111111111111
1_11055_u,1,"ah, that's a good question. apparently someone was being awfully flirty while not wearing their engagement ring, causing another someone to show up here thinking the first someone might be available.","ah, that's a good question. apparently, someone was being awfully flirty while not wearing their engage-con ring, causing another someone to show up here thinking the first someone might be available.",0.06451612903225806
1_11098_u,1,"wow, you still have it? i just assumed it was balled up in the corner of a barn somewhere.","wow, you still have it? i just assumed it was bald up in the corner of a barn somewhere.",0.05263157894736842
1_11120_u,0,"next time i might be in a rush, it's good to have a few in the bank.","next time i might be in a rush, it's good to have a few in the bank.",0.0
1_11177_u,1,i'm listening to you snore. i'm wondering how i'll ever sleep without it.,i'm listening to you snore. i'm wondering how i'll ever sleep without it.,0.0
1_11201_u,0,"he probably got a new one. finish your breakfast. look, there's an entire section of my dashboard that doesn't have any syrup on it.","you probably got a new one. finish your breakfast. look, there's an entire section of my dashboard that doesn't have any syrup on it.",0.041666666666666664
1_11224_u,1,and here i am in the trap. you just keep talking. i'm gonna chew my leg off.,"and here i am in the trap. okay, you just keep talking. i'm gonna chew my leg off.",0.058823529411764705
1_11232_u,1,"and i love that i work and do all the cleaning, and you're okay with that.",and i love that i work and do all the cleaning and you're okay with that!,0.125
1_11236_u,0,"oh, you're hardly out of the woods, no. you still run the risk of infection, a blood clot, the possibility that an inattentive surgeon let a barn spider lay eggs in your nose.","about nothing. oh, you're hardly out of the woods. you still run the risk of infection, a blood clot, you've possibility that an inattentive surgeon let a barn spider lay eggs in your nose.",0.15151515151515152
1_11242_u,1,"i love that you take pride in your looks, even when i have to pee in the morning, and you're in there spending an hour on your hair.",i love that you take pride in your looks. even when i have to pee in the morning and you're in there spitting an hour on your hair.,0.10714285714285714
1_11243_u,1,i love that you're too good to pee in the kitchen sink.,i love that you're too good to pee in the kitchen sink.,0.0
1_11253_u,0,"so as they say, all good things must come to an end.","so as they say, all good things must come to an end. after only 232 episodes.",0.3333333333333333
1_11257_u,0,doesn't professor abbott's family want any of this stuff?,isn't professor abbott's family want any of this stuff? i don't think you had a family.,0.8888888888888888
1_11306_u,0,"i guess the sad truth is, not everyone will accomplish something great. some of us may just have to find meaning in the little moments that make up life.",i guess the sad truth is not everyone will accomplish something great. some of us may just have to find meaning in the little moments that make up life.,0.034482758620689655
1_11322_u,1,"you know what? that was almost on topic. i'm gonna say, ""good job, sheldon.""","you know, that was almost on topic. i'm gonna say, good job, sheldon.",0.2857142857142857
1_11378_u,1,are you sure a dummy like me can handle something as complicated as a blanket?,so we can fly out. are you sure a dummy like me can handle something that's complicated as a blanket?,0.4
1_11439_u,1,"no, you're right, we should do what you do. have our mom send us pants from the walmart in houston.","no, you're right. we should do what you do. have our mom send us pants from the walmart in houston.",0.05
1_1144_u,1,"notify the editors of the oxford english dictionary. the word ""plenty"" has been redefined to mean ""two.""","notify the editors of the oxford english dictionary, the word plenty has been redefined to mean two.",0.17647058823529413
1_11485_u,0,is that why you had to take him to office depot last night?,is that what you had to take him to office deeper last night? i-,0.23076923076923078
1_11526_u,0,"as you may know, i've been experimenting with elevated anxiety levels, and i thought, what better way to increase my discomfort than to subject myself to an evening of tasteless uncensored crotch talk?","as you may know, i've been experimenting with elevated anxiety levels, and i thought what better way to increase my discomfort than to subject myself to an evening of tasteless, uncensored, crotch talk.",0.12121212121212122
1_11529_u,0,"and how difficult it is to do when she's bloated, cranky and crampy?",and how difficult it is to do when she's bloated cranky and crampy continue.,0.23076923076923078
1_11609_u,0,"i've, uh, created some other user accounts so i can post positive comments about their paper.",i've created some other user accounts so i can post positive comments about their paper.,0.125
1_11697_u,1,the answer's in this puzzle box. let's see if you can open it.,the answer's in this puzzle box. let's see if you can open it.,0.0
1_11699_u,1,"no, stuart picked out those throw pillows all on his own.","no, stuart picked out those troop pillows all in his own",0.2727272727272727
1_11723_u,0,"not much, but he seemed to be in a pretty good place.",not much but he seemed to be in a pretty good place. how are you?,0.3333333333333333
1_11736_u,0,"i don't know, perhaps somebody took it off the carousel by mistake?",i don't know. perhaps somebody took it off the carousel by mistake.,0.16666666666666666
1_11773_u,1,this is why i've been saying we should keep champagne on ice.,this is why i've been saying we should keep champagne on ice. so our castam.,0.25
1_1180_u,1,"oh, please. the only way she could make a contribution to science would be if they resumed sending chimps into space.","oh please, i wish she could make a contribution to science be if they resume sending chimps into space",0.38095238095238093
1_1185_u,0,i think tonight was a very good start.,i think tonight was a very good start.,0.0
1_11885_u,1,"yeah, turns out half a dozen menorahs really sets a mood.","pretty in here. yeah, it turns out half a dozen menorahs really sets a mood.",0.36363636363636365
1_11889_u,0,"yeah, we just want to have the kind of dinner that we've all had here so many times before.","yeah, we just want to have the kind of dinner that we've all had here so many times before. good.",0.05263157894736842
1_1189_u,0,"i'm sorry, i am not going back to the renaissance fair.","i'm sorry, i am not going back to the renaissance fair.",0.0
1_11901_u,1,"yeah, good for you, leonard. that's a lovely little notion. kind of like, i wish i could talk to my uncle in chicago. yeah, now stand back while i invent the telephone. hello? oh, hold on. leonard, it's your uncle. he says you just got burned.","yeah, good for you, leonard. that's a lovely little notion. kind of like, i wish i could talk to my uncle in chicago. yeah, now stand back while i invent the telephone. hello? hold on, leonard, it's your uncle. he says you just got burned.",0.043478260869565216
1_11913_u,1,it's why my people wandered the desert for 40 years. took that long to walk it off.,that's why my people wondered the desert for 40 years took that long to walk it off,0.23529411764705882
1_11924_u,1,"all right, amy's in charge of pricing and being 75.","alright, amy's in charge of pricing and being 75.",0.2
1_11928_u,0,"and if i had a friend, they might have told me that.","and if i had a friend, they might have told me that.",0.0
1_12002_u,0,then buckle up; you're in for a cranky night.,"and buckle up, you're in for a cranky night.",0.2222222222222222
1_12083_u,0,"oh, just put it in your mouth and pop it like a zit.",just put it in your mouth and pop it like a zit.,0.07692307692307693
1_12202_u,1,"no need to. as soon as she flies into california airspace, i'll feel a disturbance in the force.","no need to. as soon as she flies into california airspace, i'll feel the disturbance in the force.",0.05555555555555555
1_12275_u,0,"uh, no. i overheard bernadette tell howard she was making him a meat loaf, and you don't have to not ask me twice.",i've known i overheard bernadette tell howard she's making him a meatloaf and you don't have to not ask me twice,0.30434782608695654
1_12320_u,0,"oh, yes, we've got the moon and the trees and... elizabeth mcnulty, who apparently died when she was the same age i am.","beautiful night. oh, yes. you caught the moon and the trees and elizabeth mcnulty, who apparently died when she was the same age i am. laughter",0.30434782608695654
1_12331_u,0,"wow, there's a denny's in vegas you can actually get married in.","wow, there's a denny's in vegas you can actually get married in.",0.0
1_1262_u,0,you were very clear. as was everyone else at the table.,"yes, you were very clear as was everyone else at the table",0.2727272727272727
1_1296_u,1,"they gave him an assistant? if i want a new pen, i have to go to the bank with wire cutters.","if i want a new pen, i have to go to the bank with wire cutters.",0.23809523809523808
1_1466_u,1,"maybe when i publish it, i'll include an inhaler.",maybe when i've published it all including inhaler.,0.6666666666666666
1_1470_u,0,i don't know. it just died. i'm getting a bunch of static.,"i don't know, it just died. i'm getting much ecstatic. did you...",0.4166666666666667
1_1478_u,1,"sadly, mrs. giselle wolowitz is sensitive to chlorine. lucky for her i like my fashion models pruny and bug-eyed.","sadly mrs. jazzell walewitz is sensitive to chlorine. lucky for her, i like my fashion models pruny and bug-eyed.",0.21052631578947367
1_1484_u,0,the big deal is that nobody touches food on my plate.,the only thing that's good is that nobody touches food on my plate.,0.36363636363636365
1_1549_u,1,on a dusty highway just outside bakersfield. where do you think? on mars!,"on a dusty highway just outside bakersfield, where do you think on mars?",0.23076923076923078
1_1560_u,1,how nice. maybe they can carpool when they visit you in federal prison.,how nice. maybe they can carpool when they visit you in federal prison.,0.0
1_162_u,0,"sheldon, if you were a robot, and i knew and you didn't...","sheldon, if you are a robot and i knew and you didn't...",0.16666666666666666
1_1627_u,0,"what do you think i did? i discreetly slipped off the other earring, put it in my pocket and then got the hell out of there!","what do you think i did? i just completely slipped off the other earring, put it in my pocket, and then got the hell out of there.",0.15384615384615385
1_1638_u,1,the blunt instrument that will be the focus of my murder trial?,the blunt instrument that will be the focus of my murder trial.,0.08333333333333333
1_1666_u,0,would it work if i just punched you in the face?,would it work if i just punched you in the face?,0.0
1_1678_u,0,answering the question once and for all why wolowitz bailed out of medical school.,answering the question once and for all why wallowids bailed out of medical school.,0.07142857142857142
1_1722_u,0,my aunt marion gave them to me for my 12th birthday.,my aunt mary gave them to me for my 12th birthday.,0.09090909090909091
1_1732_u,1,you were right. your larynx is terribly inflamed. i've never seen anything like it.,"you were right, your learnings is terribly inflamed. i mean i've never seen anything like it.",0.2857142857142857
1_175_u,1,"if you're compiling a mix cd for a double suicide. oh, i hope that scratching post is for you.","if you're compiling a mixed cd for a double suicide. oh, i hope that scratching post is for you.",0.05263157894736842
1_1772_u,1,"""dave."" sounds like leonard's got a new bff.","ooh, dave! sounds like leonard's got a new bff!",0.375
1_1798_u,1,"if you don't like this stuff, let's go next door and build her a bear.","sheldon, if you don't like this stuff, let's just go next door and build her a bear.",0.13333333333333333
1_1803_u,1,"- maybe i heard you wrong. a lot of words sound like ""yoga.""",i never said that. maybe i heard you wrong. a lot of words sound like yoga.,0.38461538461538464
1_182_u,1,no. the dark crescent-shaped patterns under your arms conceal it nicely.,"now, the dark crescent shape patterns under your arms can seal it nicely.",0.45454545454545453
1_1931_u,1,why don't you just lie down on the floor and swim there?,we just light out on the floor and swim there.,0.5
1_1973_u,1,i hope i'm a waitress at the cheesecake factory for my whole life.,great! i hope i'm a waitress at the cheesecake factory from my whole life!,0.23076923076923078
1_1987_u,1,"when i didn't pay my bill, the department of water and power thought i would enjoy the ambience.","yeah, when i didn't pay my bill, the department of water and power thought i would enjoy the ambiance.",0.1111111111111111
1_2075_u,0,there's no hurry. tell them more about their secret love for each other.,want to call there's no hurry mother tell them more about their secret love for each other,0.46153846153846156
1_2119_u,1,"kind of makes you feel more alive, doesn't it?","it kind of makes you feel more alive, doesn't it?",0.1111111111111111
1_213_u,1,"how's this? ""pleased to meet you, dr. gablehauser. ""how fortunate for you that the university's ""chosen to hire you, despite the fact ""that you've done no original research in 25 years, ""and instead have written a series of popular books ""that reduce the great concepts of science ""to a series of anecdotes, ""each one dumbed down to accommodate the duration ""of an average bowel movement.","his hand and go. how's this? please to meet you dr. gablehouser, how fortunate for you that the university has chosen to hire you despite the fact that you've done no original research in 25 years and instead have written a series of popular books that reduce the great concepts of science to a series of anecdotes, each one dumbed down to accommodate the duration of an average bowel movement.",0.2923076923076923
1_2198_u,1,"assuming i can keep up this pace, three hours, 11 minutes. plus however long it takes to conclude this fairly pointless conversation.","i'm gonna take. assuming i can keep up this pace, three hours, eleven minutes. it plus however long it takes to conclude this fairly pointless conversation.",0.22727272727272727
1_2216_u,0,"excuse me, but what about me? why don't i get a shot?","excuse me, what about me? why don't i get a shot? fine.",0.16666666666666666
1_2354_u,1,"so? do cocaine smugglers write ""cocaine"" on the box?","so, do cocaine smugglers write cocaine on the box?",0.2222222222222222
1_2361_u,0,thank you so much for giving me the opportunity to help.,thank you so much for giving me the opportunity to help.,0.0
1_2420_u,0,you know this can go on all night. why don't you just come with us?,"you know this can go on all night, why don't you just come with us?",0.06666666666666667
1_2423_u,0,provided he has already read and is familiar with the reestablishment of the dc multiverse.,"the provided he has already read infinite crisis, and 52, and is familiar with the reestablishment of the dc multiverse.",0.3333333333333333
1_2464_u,1,"you think ""coffee,"" means coffee. that is so sweet.","oh, you think coffee means coffee that is so sweet.",0.3333333333333333
1_2575_u,0,"you don't really believe in that superstition, do you?","you don't really believe in that superstition, do you?",0.0
1_2580_u,1,"okay, here's an idea. what if i change my name and go live with my cousin and her husband, avi, in israel?","okay, here's an idea. what if i change my name and go live with my cousin and her husband, avi and israel?",0.09090909090909091
1_2614_u,1,hardly a day goes by when i don't think about it.,were pulled hardly a day goes by when i don't think about it.,0.18181818181818182
1_2616_u,1,"sure, maybe a tableau of me trying to pummel you to death.","sure, maybe a tablo with me trying to pummel you to death.",0.16666666666666666
1_2664_u,0,"terrific, it's just that... i don't think penny wants me to go.",terrific. it's just that i don't think penny wants me to go.,0.16666666666666666
1_2669_u,0,what did you mean when you said you were going to miss me?,what do you mean when you said you were going to miss me?,0.07692307692307693
1_276_u,1,"yeah, my parents felt that naming me leonard and putting me in advanced placement classes wasn't getting me beaten up enough.","hello. yeah, my parents felt that naming me leonard and putting me in advance placement classes wasn't getting me beaten up enough",0.14285714285714285
1_2778_u,1,"ooh, big talk from a man who was once treed by a chicken.",oh big talk from a man who is once treated by a chicken.,0.23076923076923078
1_2792_u,0,"no, i mean, we can always go back to being friends.","no, i mean, we can always go back to being friends.",0.0
1_2797_u,1,it's an ical download. she can put it right in her phone.,it's an ical download so you can put it right in her phone,0.3333333333333333
1_2819_u,1,"you know, i've always wanted to go to a goth nightclub.","you know, i've always wanted to go to a golf night club. really? busy?",0.45454545454545453
1_2830_u,0,"no, i'm behind on my wiki-reading. i'm kind of on a john grisham kick right now.","no, i'm behind on my wiki reading. i'm kind of in a john grisham cake right now.",0.25
1_2837_u,0,"- chocolate? - no, i don't want any chocolate!",chan?,1.0
1_2842_u,0,"oh, you know, goth stuff. goth magazines, goth music.","oh, you know, god, stuff, god, magazines, god music. god.",0.5555555555555556
1_2853_u,1,"obviously, waitressing at the cheese cake factory is a complex socio-economic activity that requires a great deal of analysis and planning.","obviously, what you're seeing in the cheesecake factory is a complex socioeconomic activity that requires a great deal of analysis and planning.",0.3333333333333333
1_3064_u,1,when i have enough to destroy all the human toast on the battlestar known as galactica.,when i have enough to destroy all the human toast on the battlestar known as galactica.,0.0
1_3069_u,0,seems like an awful lot of trouble to go through for intercourse.,"huh, seems like an awful lot of trouble to go through for intercourse.",0.08333333333333333
1_3125_u,1,"but if she dumps you, she'll have a new boyfriend by tomorrow morning and you'll have a new girlfriend when you figure out how to build one.",but if she dumps you she'll have a new boyfriend by tomorrow morning and you'll have a new girlfriend when you figure out how to build one,0.07407407407407407
1_3177_u,0,"not a great movie, but look at that beautiful desert.","not a great movie, but look at that beautiful desert.",0.0
1_3204_u,0,right. that was so good! sweety and meaty at the same time.,"right, that was so good! sweetie and mitty at the same time.",0.25
1_3256_u,1,"i'm sorry, fiddling with yourself in the bathtub is a real class act.","i'm sorry, fiddling with yourself in the bathtub is a real class act.",0.0
1_3259_u,1,"no, i mean princess leia. of course i mean bernadette. she's a wonderful girl and she really likes you.","bernadette? no, i mean princess laird. of course, i mean bernadette. she's a wonderful girl and she really likes you. i know.",0.2631578947368421
1_3287_u,1,"oh, sure. and while we're at it, why don't we put our hands behind our backs, have an old-fashioned eating contest?","and while we're at it, while we put our hands behind our backs have an old-fashioned eaten contest.",0.3333333333333333
1_3293_u,1,leonard's work is nearly as amazing as third graders growing lima beans in wet paper towels.,leonard's work is nearly as amazing as third graders growing lime abeens and wet paper towels.,0.1875
1_3333_u,0,"okay, i got a bone to pick with you.","okay, i gotta bone the pick with you. what?",0.4444444444444444
1_3348_u,0,"raj, you should've seen leonard's experiment. the interference pattern was so cool when the electron beam was on.","rosh, you should have seen leonard's experiment. the interference pattern was so cool when the electron beam was on.",0.16666666666666666
1_3371_u,0,"i was going to ask leonard to do it, but he seemed a bit emotionally unstable and you don't want someone like that operating heavy machinery.","i was going to ask lennart to do it, but he seemed a bit emotionally unstable and you don't want someone like that operating having machinery. no?",0.11538461538461539
1_340_u,1,"sure, cut the foreigner in half. there's a billion more where he came from.","half. oh sure, got the fart on half. there's a billion more he came from.",0.42857142857142855
1_3419_u,1,"oh, we don't need to talk about that anymore. leonard covered it pretty well in the car.","oh, we don't need to talk about that anymore. leonard covered it pretty well in the car.",0.0
1_3476_u,0,don't you think looking for a new city to live in is a bit of an overreaction?,don't you think looking for a new city to live in is a bit of an overreaction? our apartment was...,0.17647058823529413
1_3545_u,1,"i understand your point, but given a choice, jews always go with chinese food.","i understand your point, but given a choice, jews always go with chinese food.",0.0
1_3573_u,1,"well, i always figured it was to study us, discover our weaknesses, and report back to your alien overlords.","i always figured it was to study us, discover our weaknesses, and report back to your alien overlords.",0.05263157894736842
1_3599_u,0,why don't you keep that stuff in the bathroom?,top desk drawer. you keep that stuff in the bathroom.,0.4444444444444444
1_3649_u,0,"oh, no, no, i said i'm inviting you to come with me to stan lee's house.",i said i'm inviting you to come with me to stanley's house.,0.3125
1_3660_u,1,there a new girlfriend in there? 'cause you might need one.,there are new girlfriend in there because you might need one.,0.2727272727272727
1_3707_u,1,"oh, i'm so glad you asked it like that. you.",i'm so glad you asked it like that you,0.3
1_3766_u,1,can we please talk about something else? maybe something vaguely related to life as we know it on this planet?,would you please talk about something else? maybe something vaguely related to life as we know it on this planet?,0.1
1_3837_u,0,"excuse me, i'm thirsty, so i'm going to go to the refrigerator and get myself a refreshing beverage.","excuse me, i'm thirsty, so i'm going to go to the refrigerator and get myself a refreshing beverage.",0.0
1_3840_u,0,"i read a study online that walking after a meal not only aids in digestion, but increases serotonin, and you know me, if there's one thing i like more than a refreshing beverage, it's serotonin. bye-bye.","i read a study online that walking after a meal not only aids in digestion, but increases serotonin and you know me. there's one thing i like more than a refreshing beverage at serotonin. bye-bye.",0.1388888888888889
1_3842_u,0,"so what, you're just gonna walk up and down the stairs?","so, like, you're just gonna walk up and down the stairs? no.",0.2727272727272727
1_3911_u,0,"that's very thoughtful, but i think i'll finish my coffee first.","that's very thoughtful, but i think i'll finish my coffee first.",0.0
1_4031_u,1,"in 1917, when albert einstein established the theoretic foundation for the laser in his paper <i>""zur quantentheorie der</i> <i>strahlung,""</i> his fondest hope was that the resultant device be bitchin'.","in 1917, when albert einstein established the theoretic foundation for the laser and his papers are quentin tary de stralum, his fondest hope was that the resultant device be bitchin'.",0.2413793103448276
1_410_u,0,"leonard, may i present, live from new delhi, dr. and mrs. v. m. koothrappali.","broadband. leonard mayer present, life from udelie, dr. mrs. v. m. kutropa.",0.5714285714285714
1_4145_u,1,a lot of people are working on that research. so what is all this?,a lot of people are working on that research. so what is all this?,0.0
1_427_u,1,"well, i'm sorry, too, but there's just no room for you in my wallet.","well, i'm sorry too, but there's just no room for you in my wallet.",0.07142857142857142
1_4281_u,0,it was the kind of thing that makes it kind of hard to face her now.,it was that kind of thing that makes it kind of hard to face right now.,0.125
1_4286_u,0,"all right, all right. he can buy his own desk.","sheldon! alright, alright, he can buy his own desk. and i can put it...",0.9
1_4290_u,0,i just have a question. does bernadette ever talk about me?,"i just have a question. does bernadette ever talk about me? oh, oops.",0.18181818181818182
1_430_u,0,"i've got some feelers out. in the meantime, listen to this.",i've got some feelers out in the meantime listen to this,0.2727272727272727
1_4352_u,0,he does it all the time. he's a cornucopia of social awkwardness.,he does it all the time. he's a cornucopia of social awkwardness.,0.0
1_4477_u,0,i just want to ask you a few questions about howard wolowitz.,i just want to ask you a few questions about howard wallowicz. oh.,0.16666666666666666
1_4544_u,0,"yes. in fact, our menses are synchronized. penny. bernadette tells me you're planning a girls' night.","yes, in fact our men's seas are synchronized. penny, bernadette tells me you're planning a girls night. yeah?",0.4375
1_4552_u,0,"...so anyway, to make a long story short, turns out i have an unusually firm cervix.","so anyway, to make a long story short, turns out i have an unusually firm cervix. oh! oh!",0.1875
1_4576_u,0,"bernadette dared me to tell a dirty story. ""the miller's tale"" by chaucer is the dirtiest story i know. it would have been hidden in sock drawers if people in the 14th century had worn socks.",bernadette dared me to tell a dirty story. the miller's tale by chaucer is the dirtiest story i know. it would have been hidden in sock drawers if people in the 14th century had worn socks.,0.05555555555555555
1_4603_u,0,is it possible that she was going for your cheek and you moved and she accidentally got lip? that happens with me and my mom all the time.,"yes, i'm in the mouth. is it possible that she was going for your cheek and you moved and she accidentally got lip? that happens with me and my mom all the time.",0.17857142857142858
1_4639_u,0,"well, i'm just glad you finally found yourself a keeper.",portion of our evening. well i'm just glad you finally found yourself a keeper.,0.5
1_467_u,0,that woman looks exactly like the pictures of princess panchali in the book. how often does one see a beloved fictional character come to life?,what are you getting at? that woman looks exactly like the pictures of princess pinchali in the book. how often does one see a beloved fictional character come to life?,0.24
1_4743_u,1,"oh, and the science dudes want to talk science with you. what do you want to talk about-- rocks, dinosaurs, our friend the beaver?","oh, and the science aids want to talk science with you. what do you want to talk about? rocks, dinosaurs, are friend the beaver?",0.125
1_4760_u,1,"in the bedrooms of ten-year- old girls, where they belong.",in the bedrooms of 10-year-old girls where they belong.,0.3
1_4789_u,1,"i don't know. somebody bigger and... yeah, sure. why not you?","i don't know, somebody bigger and... yeah, sure, why not you?",0.18181818181818182
1_4792_u,0,"obviously, we're no longer a justice league. we have no choice but to switch to our muppet baby costumes.","obviously, we're no longer a justice league. they have no choice but to switch to our muppet baby costumes.",0.05263157894736842
1_4850_u,0,i understand. your loyalty is admirable. but what if i were to up the ante?,"i understand that your loyalty is admirable, but what if i were to up the ante?",0.2
1_4949_u,0,"certainly. i'd like to raise two points. number one, i think they <i>are</i> talking about penises. and number two, these mimosas are kicking my little brown ass.","i'd like to raise two points. number one, i think they are talking about penises. and number two, these mamosas are clicking my little brown ass.",0.14814814814814814
1_4967_u,1,we might be starting to zero in on your problem.,lab or doodle? they might be starting to zero in on your problem.,0.4
1_4995_u,1,"hey, you taught me something. who would have thought it?","hey, you taught me something. who would have thought it?",0.0
1_5058_u,1,"an entire dinner to talk about your research? where you going, the drive-thru at jack in the box?",research. an entire dinner to talk about your research. are we going to drive through it jack in the box?,0.5
1_506_u,0,not to mention you'd have to power down on saturdays.,not so mentioned you'd have to power down on saturdays.,0.2
1_507_u,1,"well, there's always the possibility that a trash can spontaneously formed around the letter but occam's rasor would suggest that someone threw it out.","well, it was always the possibility that a trash can spontaneously formed around the letter, but occam's razor would suggest that someone threw it out.",0.16666666666666666
1_5109_u,0,"yeah, but you were just sleeping, because i forboded you to have sex.","yeah, but you were just sleeping because i forbidden you to have sex",0.23076923076923078
1_5134_u,1,"oh, yeah, yeah. it's real great. today i drove to van nuys for an audition i thought was going to be for a cat food commercial. turned out to be porn.","oh yeah, yeah, it's real great. today i drove to van ais for an audition. i thought it was going to be for a cat food commercial. turn out to be porn.",0.1935483870967742
1_5156_u,1,"that's got to be fun for you, huh? watching hofstadter suck the saliva out of your sister's mouth?","that's gotta be fun for you, huh? watching a hofstetter suck the saliva of your sister's mouth.",0.3333333333333333
1_5166_u,1,"yeah, it's a great time to be alive, isn't it?","it's a great time to be alive, isn't it? they don't worry.",0.4
1_5169_u,0,i'm not saying that you're not fun. you're the most fun person i know.,not saying that you're not fun. you're the most fun person i know.,0.07142857142857142
1_5211_u,1,"saying that while holding a snowflake is a bit heavy-handed, don't you think?","saying that while holding a snowflakes a little bit heavy-handed, don't you think?",0.23076923076923078
1_5212_u,0,"i'm sorry, sheldon bought a loom and learned how to weave?","i'm sorry, sheldon bought a loom and learned how to weave.",0.09090909090909091
1_533_u,0,"technically, yes. but, if you'll notice... it's reversible!","ah, technically, yes, but if you'll notice, it's reversible.",0.625
1_536_u,1,just the latest copy of applied particle physics quarterly.,"i've just the latest copy of applied particle physics quarterly. oh, you know, that is so weird that yours came and mine didn't.",1.5555555555555556
1_537_u,1,"oh, you know, that is so weird that yours came and mine didn't.","oh, you know, that is so weird that yours came and mine didn't.",0.0
1_5496_u,1,"okay, amy, you're being silly. i'm not concerned about who hangs out with who. and i certainly don't have a problem with leonard's new girlfriend who wears way too much makeup. ooh, these are cute. of course if i buy them, i'll have to rent my womb out to a gay couple.","okay, amy or being silly, i'm not concerned about who hangs out with who. i certainly don't have a problem with leonard's new girlfriend who wears way too much makeup. oh, these are cute! of course i buy them off to rent my womb out to a gay couple.",0.19230769230769232
1_5571_u,1,"yes, i'd like a seven-day course of penicillin, some, uh, syrup of ipecac-- to induce vomiting-- and a mint.","and aside like a seven-day course of penicillin, some syrup of ifakac to induce vomiting and ament.",0.42105263157894735
1_5572_u,1,"he drank from leonard's glass. ""he drank from leonard's glass""-- the words they'll be carving into my tombstone.",he drank from leonard's glass. he drank from leonard's glass. words will be carving into my tombstone.,0.2222222222222222
1_5580_u,1,"right, right, whereas jewish mothers take a casual, la-di-da approach to their sons.",whereas jewish mothers take the casual laudida approach to their sons.,0.38461538461538464
1_5581_u,0,i gargled with tequila and may have swallowed a teeny bit.,we are going to keyle and may have swallowed a teeny bit. you alright? bye.,0.7272727272727273
1_5617_u,1,thanks for clearing that up,the heart attack. thanks for clearing that up.,0.8
1_5627_u,1,"your girlfriend and your ex-girlfriend are hanging out together? oh, yeah, that can only be good for you.","oh yeah, that can only be good for you.",0.5555555555555556
1_5679_u,1,"i'd like to respond to that sarcastically: yes, i relish the thought of a stranger covering my body with oil and rubbing it.","i'd like to respond to that sarcastically. yes, i relish the thought of a stranger covering my body with oil and rubbing it.",0.043478260869565216
1_5699_u,1,"congratulations and welcome temporarily aboard. here's your i.d. card, your key and your lapel pin. which leonard was too cool to wear.","congratulations and welcome temporarily aboard. here's your id card, your key, and your lapel pin, which leonard was too cool to wear.",0.13636363636363635
1_5751_u,0,of course you do. you're a cutie pie! any girl would be lucky to have you!,"of course you do, you're a cutie pie! any girl would be lucky to have you!",0.0625
1_5758_u,1,"oh, i could so see you being the face of hemorrhoids.","well, i could so see you being the face of hammer rose. i know, right?",0.5454545454545454
1_5786_u,0,"all right, so technically it's not a dinner date. i suppose you could call it a, uh, dinfast date. but if you did, you'd open yourself to peer-based mocking, such as, ""hey, leonard, how was your dinfast with priya last night?""","all right, so technically it's not a dinner date. i suppose you could call it a din-fast date. but if you did, you'd open yourself to pure-based mocking, such as, hey leonard, how was your din-fast with pre-alas night?",0.21951219512195122
1_5880_u,1,"when you're done copping a feel, that goes on my wrist.",when you're done copying a feel that goes on my wrist.,0.18181818181818182
1_5919_u,0,"because you don't have a girlfriend? well, good lord, if that becomes a reason not to play dungeons & dragons, this game's in serious trouble.",but because you don't have a girlfriend? well good lord that becomes a reason not to play dungeons and drag and this game's in serious trouble,0.32
1_5953_u,0,here's some other fun news on the raj/emily front. he gave her a pair of diamond earrings and leased her a car.,here's some other fun news on the raj emily front and gave her a pair of diamond earrings and leaster a car.,0.2727272727272727
1_5964_u,1,smart. whisper so the deaf chick can't hear you.,here she comes! smart whispers of the deaf check can't hear you!,0.8888888888888888
1_60_u,1,it's just a privilege to watch your mind at work.,it's just a privilege to watch your mind you work.,0.1
1_6020_u,1,you just got off the list. would you like back on it? this'll just take a moment. it's on a five and a quarter inch floppy.,you just got off the list. would you like back on it? is it just take a moment? it's on a five and a quarter inch floppy.,0.11538461538461539
1_6032_u,1,"you see betrayal in others, but not yourself.","interesting that you see betrayal in others, but not yourself.",0.25
1_6039_u,0,i don't know what i'm going to do. i don't want to break up over this.,i don't know what i'm gonna do. i didn't want to break up over there.,0.25
1_6065_u,1,"frankly, mom, i'm encouraged to see how advanced your group has become-- willing to sail out into the ocean without fear of falling off the edge.","frankly, mom, i'm encouraged to see how advanced your group has become. and willing to sail out into the ocean without fear of falling off the edge.",0.07692307692307693
1_6092_u,0,"we don't say that, either. i'll make you a list. oh, that would be mighty white of you.","we don't say that either. i'll make your list. oh, that'd be mighty wide of you.",0.3333333333333333
1_6113_u,0,"so, this spring, i get to go to the international space station. oh, my word, a trip to the heavens.","so, this spring i get to go to the international space station. oh, my word! a trip to the heavens!",0.15
1_6134_u,1,"no, i'm just allergic to people who get nobel prizes for no good reason.","no, just allergic to people who get nobel prizes for no good reason.",0.07142857142857142
1_6165_u,1,"yes, there's nothing quite like the slightly widened eyes of mildly startled.","yes, there's nothing quite like the slightly wide-and-dies of mildly startled.",0.16666666666666666
1_6183_u,0,you have a thing of paper clips right there.,you were thinking of paper clips right there?,0.4444444444444444
1_6188_u,1,"oh, my god, that's where i know you from.","oh my god, that's where i know you from.",0.1111111111111111
1_6211_u,0,"no. you mean this was all a ruse? oh, how could i be so stu...","no, even this was all a ruse. how could i be so s- s- s-",0.5333333333333333
1_6221_u,1,"well, if you don't mind looking like an orange traffic cone, great.","well, if you don't mind looking like an orange, try the cone, great.",0.25
1_6355_u,1,"said horrible things about each other in public... all in all, a pretty magical night.","okay, so, what do you want out? saw movie, met some nice people, said horrible things about each other in public, oh no, a pretty magical night!",1.2
1_6370_u,1,"oh, of course he is. she's very interesting. did you know, when she was 14, she severed the webbing between her own toes?","it's an amy. of course he is. she's very interesting. did you know when she was 14, she severed the webbing between her own toes?",0.17391304347826086
1_6426_u,1,"you know, the holidays are just around the corner. maybe he wants to see if he can lodge the other testicle up there.","you know, the holidays are just around the corner. maybe once a week in lodge, the other test took a lot up there.",0.4782608695652174
1_6427_u,1,hmm. that's too bad. we could have spent new year's eve waiting for the ball to drop.,that's too bad. could have spent new year's eve waiting for the ball to drop.,0.11764705882352941
1_6428_u,1,sure. you want to see what all the scientists are wearing this year.,i want to see what all the scientists are wearing this year.,0.15384615384615385
1_6472_u,1,you'd think a winner could make a decent cup of cocoa.,think a winner could make a decent cup of cocoa.,0.09090909090909091
1_6504_u,1,"oh, i see why you're confused. no, her news sounded important, but what you're forgetting is, it was an achievement in the field of biology. that's all about yucky, squishy things.","oh, i see why you're confused. now, her new sound that important, but what you're forgetting is, it was an achievement in the field of biology. that's all about yucky squishy things.",0.16129032258064516
1_6534_u,0,"no, but maybe she wants a man with a pocket watch.","i don't think amy wants a pocket watch. no, but maybe she wants a maim with a pocket watch.",0.8181818181818182
1_6627_u,0,"well, yeah, sex with you is pretty great. have you ever tried it?","well, yeah, sex with you is pretty great if you ever tried it.",0.23076923076923078
1_6645_u,0,"well, that wady took high-wes pictures of my junk wast night for cwaigswist.","well, that weighty took high-wiz pictures of my junk last night for quagswist. wait a minute.",0.5384615384615384
1_6648_u,1,you mean for a person whose neck massages feel like an eagle is trying to carry you to its nest?,you mean for a person whose neck massages feel like an eagle is trying to carry you to its nest?,0.0
1_6683_u,1,"yeah, terrific. the other astronauts would love to go hurtling through space with a guy named ""crash.""","yeah, it's horrific. the other astronauts would love to go hurtling through space with a guy named crash.",0.17647058823529413
1_672_u,0,do you think penny will come here and take care of us?,do you think petty will come here and take care of us?,0.08333333333333333
1_6766_u,0,maybe that's because i'm not being challenged. it's the same reason einstein failed math.,maybe that's because i'm not being challenged. it's the same reason einstein failed math. maybe the math is...,0.2857142857142857
1_6769_u,1,"hope your hands are steady. it's the width of a single hair. but this is just biology, so i'm sure it's no problem for a genius like you.",hope your hands are setting. it's the width of a single hair but this is just biology so i'm sure it's no problem for a genius like you,0.14285714285714285
1_6835_u,0,"oh, screw her. she's just lucky we let her hang out with us.","where did that? oh, screw her. she's just lucky to be let her hang out with us.",0.38461538461538464
1_6860_u,0,"i'm sorry, it's the bad boy attitude that comes with this hair.","i'm sorry, it's the bad boy attitude that comes with his hair.",0.08333333333333333
1_70_u,1,i don't think i'll be able to stop thinking about it.,"oh, i don't think i'll be able to stop thinking about it.",0.09090909090909091
1_7047_u,1,"also instead of just living in your mother's house, you could actually live inside her body.","also, instead of just living in your mother's house, you could actually live inside her body.",0.0625
1_7082_u,0,"...to all the good times we had, like, uh, when we went camping and spent that night telling each other all our secrets. i told him i'm addicted to pedicures and he told me he lost his virginity to his cousin.","to all the good times we had, like, uh, when we went camping and spend that night telling each other all our secrets, uh, i told him i'm addicted to pedicures, and he told me he lost his virginity to his car.",0.14634146341463414
1_7089_u,1,"yeah, we, uh, made gift bags, had wine, and then went online and saw this.","how about you? do you have a fun night? yeah, we, uh, make gift bags, had wine, and then went online and saw this.",0.6666666666666666
1_7186_u,0,"not exactly. listen, if you don't mind, i'm not really up for chatting. i'm just going to sit here quietly and let my life flash before my eyes.","not exactly. listen, if you don't mind, i'm not really up for chatting. i'm just gonna sit here quietly and let my life flash before my eyes.",0.07142857142857142
1_7281_u,1,"darn. if you weren't busy, i'd ask you to join us.","if you weren't busy, i'd ask you to join us.",0.09090909090909091
1_7341_u,0,i am talking to a man in space. if you don't have the (walkie-talkie static) then he might as well be at the coffee bean over on lake street.,"i am talking to a man in space. if you don't have the, oh, my eyes will be at the coffee bean over on lake street.",0.27586206896551724
1_7357_u,1,i'm starting to get a sense of it.,i'm stirring to get a sense of it.,0.125
1_7395_u,1,"well, if that's all it takes, it's a good thing you don't have a dog.","if that's all it takes, it's a good thing you don't have a dog.",0.06666666666666667
1_7400_u,0,"of course, it is... it's been in the news. and it's a very famous boson.","of course, it's been in the news and it's a very famous pose on.",0.3333333333333333
1_7402_u,1,i didn't know they gave nobel prizes for making boom-boom in the potty.,i didn't know they gave nobel prizes for making boom boom into party.,0.3076923076923077
1_7442_u,0,"the original title was ""a rederivation of maxwell's equations regarding electromagnetism"""" i dumbed it down because some of the more religious people in town were starting to say i was a witch.",the original title was a redarivation of maxwell's equations regarding electromagnetism. i dumbed it down because some of the more religious people in town were starting to say i was a witch.,0.09375
1_7443_u,0,we've kind of been involved in a five-year experiment.,we've kind of been involved in a five-year experiment. oh.,0.1111111111111111
1_7445_u,0,my limbic system wants to take your pants off.,my olympics system wants to take your pants off.,0.1111111111111111
1_7449_u,0,"okay, the nasa web site says howard's final descent has begun.","okay, the nasa website says how its final descent has begun.",0.36363636363636365
1_7487_u,0,"yeah, well, bernadette's a little under the weather and my mom's kind of under my dentist.",until tomorrow? yeah well bernadette's a little under the weather and my mom's trying to under my dentist.,0.375
1_7490_u,0,"it's okay, you know, we space cowboys don't do what we do for glory and fame. we leave that to your rock stars and your athletes and your howie mandels.","it's okay, you know, we space cowboys. don't do what we do for glory and fame. and we leave that to your rock stars and your athletes and your how we mendels.",0.16666666666666666
1_7494_u,0,that sounds a little funny to an american ear.,that sounds a little funny to an american ear.,0.0
1_7504_u,0,"""to stuart, your comic book store is out of this world. just like the guy in this picture was.""","too stored, your comic book stores out of this world, just like the guy in this picture was.",0.3157894736842105
1_7575_u,1,"you're right, the party's fantastic. please, tell me more. i haven't heard enough about it all week because hearing about that never gets old!","you're right, the party's fantastic. please tell me more. i haven't heard enough about it all week because hearing about that never gets old. is this the- what the-",0.2916666666666667
1_7593_u,0,"amy, i can't just ask wil wheaton to leave. he's a minor celebrity. once you explain who he is, many people recognize him.","to leave. to amy, i can't just ask will wheaton to leave. he's a minor celebrity. i'm not sure if he's explaining who he is, many people recognize him. no.",0.4782608695652174
1_7641_u,0,"she was just so sad all the time. yeah, i was the only person who could cheer her up. well, me and ben and jerry.","she was just so sad all the time. now i was the only person who could cheer her up. well, me and ben and jerry.",0.04
1_7661_u,0,"yeah, that was five weeks ago. how much longer is he gonna milk that cow?",that was five weeks ago. how much longer is he gonna milk that cow?,0.06666666666666667
1_7675_u,0,"anyway, to this day, i still can't see a box of crayons without crossing my legs.","anyway, to this day, i still can't see a box of crayons that cross in my legs. laughter",0.25
1_7722_u,1,exactly what it was half an hour ago. it's like you're not even trying to get better.,exactly what it was half an hour ago. it's like i'm trying to get better.,0.17647058823529413
1_7894_u,0,i did. the guy at the liquor store said this stuff tastes great in coffee.,professional help? i did. the guy at the liquor store said this stuff tastes great in coffee.,0.13333333333333333
1_7938_u,0,"come on, let's just start walking. there's got to be a gas station or something nearby.","well, let's just start walking. it's got to be a gas station or something nearby. wait.",0.25
1_7953_u,1,why don't you ask scotty to beam you up?,why don't you ask god to be mew up?,0.3333333333333333
1_80_u,0,"since it's not bee season, you can have my epinephrine.",since it's not b season you can have my up and effort.,0.5
1_8042_u,0,"no, just me, her and a couple of the big wigs. it's part of a bonus she got.","just me, her, and a couple of the big waves. it's part of a bonus she got.",0.16666666666666666
1_8045_u,1,"dumped her? what, did he use a forklift?","dumpter. dumpter, what did he use a fork lift?",0.625
1_8052_u,1,like burt and ernie. you guys even teach me stuff about words and numbers.,like bert and ernie. you guys even teach me stuff about words and numbers. the numbers.,0.21428571428571427
1_8078_u,0,"trust me, you're not jewish. that's how they get you.","you're not jewish, that's how they get you.",0.3
1_8136_u,1,"yeah, i'm really looking forward to it. in fact, there's no place i would rather be than here.","them. yeah, well i'm really looking forward to it. in fact there's no place i would rather be than here.",0.16666666666666666
1_8159_u,0,and i'm cool with surprises. but nothing on a jumbotron. i don't want to cry on a big screen like that.,"and i'm cool as surprise, there's been nothing on the jumbo tron. i don't want to cry on a big screen like that.",0.3333333333333333
1_8185_u,0,we could go to red lobster and talk about it. we're all thinking it. i just had the decency to wait for him to leave.,take go to red lobster and talk about it. we're all thinking and i just had the decency to wait for him to leave.,0.12
1_8217_u,0,"go out with me on one date, and i promise you, you'll see.",go out with me on one date and i promise you you'll see.,0.15384615384615385
1_8407_u,1,"oh, sure, what a wonderful idea. and after that, i'll make up my own rules of oral hygiene. you know, instead of flossing, i'll rub pudding on my gums. i'm going to get the number of the syfy channel and give them what for.","oh, shit. oh, wonderful idea. yeah, i'm gonna make up my own rules of oral hygiene. yeah, instead of flossing, i'll rub putting on my gums. i'm gonna get the number of the sci-fi channel and give them what for. oh.",0.3181818181818182
1_8417_u,0,"oh, i think we were looking at creepy in the rearview mirror when i put up that camera.","oh, i think we were looking at creepy in the rear view mirror when i put up that camera.",0.1111111111111111
1_8452_u,1,i think i'm gonna go. thank you for the burrito and the pork rinds and the 20-minute lecture on why monster trucks are better than regular trucks.,i think i'm gonna go. thank you for the burrito and the pork rinds and the 20 minute lecture on why monster trucks are better than regular trucks.,0.07407407407407407
1_8505_u,0,"a lane frequented by liars. like you, you big liar!",a lane frequented by liars like you you big liar,0.3
1_8717_u,1,because you're in the right lane behind a bus and you won't go around it? i'm sure she finds it charming.,penny's mad at me. because you're in the right lane behind a bus and won't go around it? i'm sure he finds a charming.,0.3333333333333333
1_8746_u,1,"i enjoyed it. when you told me i was going to be ""losing my virginity,"" i didn't think you meant showing me "" raiders of the lost ark "" for the first time.","i enjoyed it. when you told me i was going to be losing my virginity, i didn't think you meant showing your raiders in the last arc for the first time. come on.",0.30303030303030304
1_8749_u,1,it was very entertaining... despite the glaring story problem.,"it was very entertaining, despite the glaring story problem.",0.1111111111111111
1_8827_u,1,how do you not tear off his clothes and take him right here on this table?,how do you not tear off his clothes and take him right here on this table?,0.0
1_8837_u,0,"not as relieved as i'm about to be. it's a brave new world, little lady.","not as relieved as i'm about to be. the brave new world, little lady.",0.13333333333333333
1_90_u,0,"lois lane is falling, accelerating at an initial rate of 32 feet per second per second. superman swoops down to save her by reaching out two arms of steel. miss lane, who is now traveling at approximately 120 miles an hour, hits them and is immediately sliced into three equal pieces.","loose lane is falling, accelerating at an initial rate of 32 feet per second per second. superbant swoops down to saver by reaching out to arms of steel. miss lane, who is now traveling at approximately 120 miles an hour, hits them and is immediately sliced into three equal pieces.",0.09803921568627451
1_9003_u,0,"i'm not going to bother him, i'm going to talk to him.",i'm not going to bother him. i'm going to talk to him.,0.08333333333333333
1_9009_u,0,"- no, no, no. i'm really good at this. all right, give me a hint. does it involve difficulty initiating a stream of anything?","sheldon, come on. no, no, no, i'm really good at this. all right, give me a hint. does it involve difficulty initiating a stream of anything?",0.16666666666666666
1_9087_u,1,"why? because i got an ugly, itchy sweater, and my brother got a car? no, i was her favorite.","why? because i got an ugly itchy sweater and my brother got a car. no, i was her favorite.",0.15789473684210525
1_9245_u,0,can we talk about something else? do you know that i yodel?,can we talk about something else? do you know that i yodel?,0.0
1_9594_u,0,i can't believe we wasted all that time on our hulk costumes.,"i can't believe it weighs no that time on our hulk costumes. what, you're all going...",0.5833333333333334
1_9668_u,0,"people usually start a meeting with a joke, but you go ahead-- end with one.","people usually start a meeting with a joke, but you go ahead and with one.",0.13333333333333333
1_971_u,1,"- now?! - no, after my tongue has swollen to the size of a brisket!","room now? no, after my tongue has swollen to the sides of a basket!",0.3333333333333333
1_9963_u,0,what do you think i was gonna do at home?,what do you think is gonna do at home?,0.2
1_9971_u,1,i was gonna say we pick up a cake or a pie. but an insult to her faith is always thoughtful.,"i was gonna say we pick up a cake or a pie, but an insult to her faith is always thoughtful.",0.047619047619047616
1_9972_u,1,"ooh, i'm gonna check the fridge, and see if there are any clues inside a beer.","oh, i'm going to check the fridge and see if there are any clues inside a beer.",0.25
1_9993_u,1,"well, my beer isn't flat and my rack's not saggy. so far, the future's great.","oh, my beer isn't flat, my rock's not saggy so far, the future's great.",0.3333333333333333
1_S09E01_027_u,1,whatever. put us on the internet. i've always wanted a wedding with a comment section.,"whatever, put us on the internet. i've always wanted a wedding with a comment section.",0.06666666666666667
1_S09E01_368_u,1,"wow! well, marriage must agree with you. well, you are just glowing.",wow! marriage must agree with you. you are just glowing.,0.16666666666666666
1_S09E01_379_u,0,oh. that's so sweet of you.,"oh, that's so sweet of you.",0.16666666666666666
1_S09E01_403_u,0,that's ridiculous.,"all right, that's ridiculous.",1.0
1_S09E01_439_u,0,i don't know. sounds pretty bad. penny's back in her apartment all by herself.,i don't know. sounds pretty bad. penny's back in her apartment all by herself.,0.0
1_S09E02_002_u,0,"how am i supposed to sleep? i've been married less than 24 hours, and my wife isn't speaking to me.",how am i supposed to sleep? the married lesson 24 hours my wife isn't speaking to me.,0.3
1_S09E02_064_u,0,because we're broken up.,why not? because we're broken up.,0.5
1_S09E02_078_u,0,"well, if you want to see less of me, maybe we should go out again.","if you want to see less of me, maybe we should go out again.",0.06666666666666667
1_S09E02_178_u,0,"oh, of course. wouldn't want to intrude.","don't, of course, what i want to intrude.",0.5714285714285714
1_S09E02_215_u,0,"yeah, well, maybe she has interest in you.","cat, well maybe she has interest in you.",0.25
1_S09E02_271_u,0,"dude, just because we're best friends doesn't mean that i have to tell you everything that goes on.","dude, just because we're best friends doesn't mean that i have to tell you everything that goes on.",0.0
1_S09E02_371_u,0,"okay, that is the lamest excuse you could've possibly come up with.","okay, that is the lemus excuse you could have possibly come up with.",0.25
1_S09E02_386_u,0,that sounds nice.,that sounds nice.,0.0
1_S09E02_392_u,0,"oh. oh, my god, that is the most beautiful thing anyone's ever said to me. yeah?","oh my god, that is most beautiful thing anyone's ever said to me. yeah.",0.25
1_S09E02_424_u,0,she watched it.,she watched it.,0.0
1_S09E03_056_u,1,it runs on syphilis?,but it runs on syphilis.,0.5
1_S09E03_072_u,1,india.,india.,0.0
1_S09E03_120_u,0,we don't have any of those.,we don't have any of those.,0.0
1_S09E03_125_u,1,"if there was a hidden compartment, don't you think you'd be stuffed in it by now?",there was a hidden compartment. don't you think you'd be stuffed in it by now?,0.125
1_S09E03_135_u,0,you guys still aren't living together?,you guys still aren't living together?,0.0
1_S09E03_143_u,0,"fine, i guess. i've been focusing on me.","fine, i guess. i've been focusing on me.",0.0
1_S09E03_170_u,0,"i've done it, like, a dozen times.",not like a dozen times.,0.5714285714285714
1_S09E03_233_u,0,how long do you think you can keep it from him?,how long do you think you can keep it for?,0.18181818181818182
1_S09E03_241_u,0,every self-respecting gentleman should know how in case he comes across a damsel in distress by the side of the road.,every self-respecting gentleman should know how. casey comes across a damsel on distress by the side of the road.,0.23809523809523808
1_S09E03_359_u,0,"i'll bet there's something around here that could be a ""lehver.""",i'll bet there's something around here that could be a lever.,0.09090909090909091
1_S09E03_476_u,0,we got a flat and couldn't get the tire off.,we've got to flatten and couldn't get the tire off.,0.3
1_S09E04_015_u,0,"now that leonard and i are married, it kind of makes sense that we actually live together.","now that leonard and i are married, it kind of makes sense that we actually live together.",0.0
1_S09E04_053_u,0,"well, why don't you look at this as an opportunity? you had other roommates before leonard. maybe this is a chance to find someone new.","why don't you look at this as an opportunity? you had all their roommates before leonard, maybe this is a chance to find someone new.",0.16
1_S09E04_074_u,0,how could archie defeat predator?,how could archie defeat predator?,0.0
1_S09E04_088_u,0,"well, it could be fun to try a little acoustic thing.",i could be fun to try a little acoustic thing.,0.18181818181818182
1_S09E04_106_u,0,footprints on the moon.,footprints on the moon.,0.0
1_S09E04_207_u,0,"but i met with 11 people, and they all walked out.",but i met with 11 people and they all walked out. and...,0.18181818181818182
1_S09E04_230_u,0,"well, it's thai food night.",good night.,0.8
1_S09E04_267_u,0,"no, of course not. i-i just feel bad. well, so do i,",course not. i just feel bad.,0.5833333333333334
1_S09E04_288_u,1,you really should've gone on the internet and checked how long that kind of thing lives,you really should have gone on the internet and checked how long that kind of thing lives.,0.1875
1_S09E04_342_u,0,who cares? i thought the whole point of footprints on the moon was to write songs that make people think.,who cares? that's not the whole point of footprints on the moon was to write songs that make people think.,0.1
1_S09E04_351_u,0,i still love it. i just think there's room for improvement.,"still love it, i just think this room for improvement.",0.2727272727272727
1_S09E04_382_u,0,"how can you say that? amy's gone, and you two are married now, so it's only a matter of time before you're gone, too.","say that, amy's gone and you two are married now, so it's only a matter of time before you're gone too. okay.",0.2916666666666667
1_S09E05_022_u,0,what are you saying? we're not coordinated enough to play sports?,what are you saying? we're not coordinated enough to play sports.,0.09090909090909091
1_S09E05_213_u,0,"why? you never thought you'd end up in a relationship, and then you met amy. maybe there's someone else out there for you.",why? you never thought you'd end up in a relationship and then you met amy? maybe there's someone else out there for you?,0.13043478260869565
1_S09E05_222_u,0,whoa! walking up to a strange woman in a bar usually doesn't work.,"oh, oh. walking up to a strange room in a bar usually doesn't work.",0.23076923076923078
1_S09E05_258_u,0,what can it hurt?,what can i hear it?,0.75
1_S09E05_278_u,0,i'm doing all right. i tried fencing today.,i'm doing alright. i tried fencing today.,0.25
1_S09E05_284_u,0,"actually, he already did.","actually, he already did.",0.0
1_S09E05_291_u,0,i've been told it's a good way to move on.,i've been told it's a good way to move on.,0.0
1_S09E06_055_u,1,sounds like you on cinco de mayo.,sounds like you want to go to my home.,0.8571428571428571
1_S09E06_168_u,1,"uh, he's indian. we've already got one of those.","he's indian, we've already got one of those.",0.2222222222222222
1_S09E07_054_u,1,and i'm laughing like i did the first time i heard it.,and i'm laughing like i did the first time.,0.3333333333333333
1_S09E07_135_u,1,when is your visa up?,check. when is your visa?,0.6
1_S09E07_285_u,1,"fine, i'll leave. but it sounds like somebody needs a fresh diaper.","here. final leave, but it sounds like somebody needs a fresh dip.",0.3333333333333333
1_S09E08_255_u,1,"no, pinch me!",no. p-,1.0
1_S09E10_065_u,1,"i told you if we were patient, he'd figure it out for himself.","if we were patient, it figured out from time.",0.6153846153846154
1_S09E10_208_u,1,nobody knows. that's why he's number one.,"nobody knows, that's why he's number one.",0.14285714285714285
1_S09E11_045_u,1,"oh, that's nice. put that on her cake.","oh, that's nice. put that on our cake.",0.125
1_S09E12_184_u,1,(chuckles) yeah. a grown man moving into his own apartment. it's crazy times. see ya!,"yeah, a grown man moving into his own apartment. that's crazy time.",0.4
1_S09E12_369_u,1,"yeah, he's as real as the fine i get when i use too much toilet paper.","yeah, he says, real is the fine i get when i use too much toilet paper.",0.1875
1_S09E13_024_u,1,glad to hear it.,glad to hear it.,0.0
1_S09E14_045_u,1,really? the old asian man is not your meemaw?,"really, the old asian man is...",0.5555555555555556
1_S09E14_455_u,1,"he never disappoints, does he?",this little work in progress. you never discipline...,1.6
1_S09E16_101_u,1,"relax, there's room for two babies in this group.","relax, there's room for two babies.",0.4444444444444444
1_S09E16_189_u,1,maybe you should get a new doctor.,if you should get a new doctor.,0.14285714285714285
1_S09E18_033_u,1,oh. is the impression that your first name is pee-wee?,is the impression that your first name is.,0.3
1_S09E18_147_u,1,"great, so they own my idea for a t-shirt that says ""dumb as a bag of geologists.""",great. so they own my idea for a t-shirt that says dumb as a bag of geologists.,0.17647058823529413
1_S09E18_357_u,1,is there a switch on the back of his neck we don't know about?,backfall. is there a switch on the back of his neck? we don't know.,0.2857142857142857
1_S09E19_044_u,1,so we brought you some lunch and we are gonna go look for 'em.,so we brought you some lunch and we are gonna go look for him.,0.07142857142857142
1_S09E20_029_u,1,you may need this more than i do.,squirrels. you may need this more than i do.,0.125
1_S09E20_127_u,1,i'm surprised he let us conceive without him.,it's the pricey let us conceive of that one.,0.75
1_S09E20_156_u,1,astronauts saw him carrying that.,astronauts saw him carrying.,0.4
1_S09E20_179_u,1,no. you'll wish it would kill you.,shownham. no. your wish it would kill you.,0.2857142857142857
1_S09E20_237_u,1,she's trying to think of something she's never done before. this could take a while.,she's trying to think of something she's never done before. this could take a while.,0.0
1_S09E20_354_u,1,"no, i do, and that's why i hid it.",i do and that's why i hit it.,0.3333333333333333
1_S09E21_024_u,1,you mean like through their window from behind a bush?,you mean like through their window from behind a bush?,0.0
1_S09E21_255_u,1,interesting. maybe my male cycle synced up with raj's actual period.,"interesting. well, maybe my male cycle synced up with raj's actual period.",0.09090909090909091
1_S09E21_401_u,1,better than watching a guy in a fur cloak ride a girl's bike? nope.,"better than watching a guy in a fur club, credit girls bike, no. laughter",0.42857142857142855
1_S09E22_015_u,1,i'm sure that would pair nicely with your fried nuggets of chicken.,her nicely with your five nuggets of chicken.,0.5
1_S09E22_075_u,1,funny how that worked out.,that worked out.,0.4
1_S09E23_017_u,1,"i thought to myself, ""venn is he gonna stop talking about this diagram?""","because i thought to myself, then is he gonna stop talking about this diorama?",0.23076923076923078
1_S09E23_102_u,1,wow. (clears throat) didn't even make it out of the parking lot.,"wow, didn't even make it out of the parking lot.",0.25
1_S09E23_270_u,1,"so, when the aliens brought you back, they just left the probe in?","so when the aliens brought you back, they just left the probe in.",0.15384615384615385
1_S09E23_420_u,1,thank you.,thank you.,0.0
1_S09E24_014_u,1,did she think you were choking or...,you were choking or something.,0.7142857142857143
1_S09E24_152_u,1,sure you do.,some sure you do.,0.3333333333333333
1_S10E01_075_u,1,it was nice of her to show us playing dumb with an example.,it was nice of her to show us playing dumb with an exam.,0.07692307692307693
1_S10E01_197_u,1,"yeah, special, like that.","yeah, special like that.",0.25
1_S10E01_225_u,1,"well, he probably buys his illegal drugs from a local vendor.","well, he probably buys his illegal drugs from a local.",0.18181818181818182
1_S10E01_381_u,1,they're practicing for what's coming later.,they're practicing for what's coming later.,0.0
1_S10E01_474_u,1,is he? i never noticed.,is he? i never noticed.,0.0
1_S10E02_101_u,1,"why? because i'm jewish? that's like me saying, ""hey, you're indian. doesn't your cousin work in a call center?""","why? because i'm jewish? it's like me saying, hey, you're indian. doesn't your cousin work in a call center?",0.15789473684210525
1_S10E02_123_u,0,"oh, my god, it was me, it was me! i'm the one who blabbed she was pregnant!","oh my god, it was me, it was me, i'm the only black, she's pregnant!",0.4117647058823529
1_S10E02_327_u,0,"but i'm mad at him, too, so lemon bars it is.","but i'm mad at him too, so lemon bars it is.",0.09090909090909091
1_S10E02_372_u,0,would you stop? we're just gonna be on the other side of campus.,"if you stop, we're just gonna be on the other side of campus. and...",0.23076923076923078
1_S10E03_144_u,1,"oh, i was gonna start at the end. thank god you're here.",i was gonna start at the end. thank god you're here.,0.08333333333333333
1_S10E03_154_u,0,"this was the husband and this was the wife. they'd go out on adventures together. cruises, skiing, horseback riding. that was really me just duct taping them to our dog.","this was the husband, this was the wife. they'd go out on adventures together. cruises, skiing, horseback riding. that was really me just duct-taping them to our dog.",0.13333333333333333
1_S10E03_177_u,0,"gentlemen, i am ready to work. to quote the martian, ""let's science the feces out of this!"" that's the martian the book and the martian the movie, not marvin the martian.","gentlemen, i am ready to work. to quote the martian, let science the feces out of this. and that's the martian, the book, and the martian, the movie, not marvin the martian.",0.1935483870967742
1_S10E03_224_u,0,my head hurts and i'm more tired than ever.,my head hurts. i'm more tired than ever.,0.2222222222222222
1_S10E03_260_u,0,"i think you were mean before you were pregnant, but it's fine.","i think you were mean before you were pregnant, but it's fine.",0.0
1_S10E03_282_u,0,sorry! sorry!,sorry! sorry!,0.0
1_S10E03_311_u,0,"but let's say you do. and don't say you do, because you don't! now, wouldn't you think that throwing yourself into your work would be the best way to deal with it?","well, let's say you do. and don't say you do because you don't. laughter now, wouldn't you think that throwing yourself into your work would be the best way to deal with it?",0.125
1_S10E04_007_u,1,"oh, so nothing. great.",nothing great.,0.75
1_S10E04_021_u,0,"and we live with sheldon, so the word ""inconvenience"" has really lost all meaning.",and we live with children so the word inconvenience is really lost on meaning.,0.2857142857142857
1_S10E04_043_u,0,i don't know. what if living together kills the romance?,i don't know. what if living together kills the romance?,0.0
1_S10E04_057_u,0,don't try luring me in with sexy talk.,don't try luring me in with sexy talk.,0.0
1_S10E04_082_u,0,that's a good question. maybe just don't come over.,that's a good question. maybe just don't come over.,0.0
1_S10E04_105_u,0,i'm the son of a gynecologist. i could be helpful.,i'm the son of a gynecologist.,0.4
1_S10E04_158_u,0,i'm trying to think of an answer,i'm trying to think of-,0.42857142857142855
1_S10E04_177_u,0,"oh, excited, concerned, a little scared. all the same emotions","excited, concerned, little scared. all the same motions.",0.3
1_S10E04_194_u,0,"i've never lived with someone, either. this is a lot for me, too.",i've never lived with someone either. this is a lot for me too.,0.15384615384615385
1_S10E04_238_u,0,"well, sheldon, i really appreciate that, but these things mean more to you than they do to me, so whatever you want.","well, sheldon, i really appreciate that, but these things mean more to you than they do to me, so whatever you want.",0.0
1_S10E04_262_u,0,what if we do this?,what if we do this?,0.0
1_S10E04_277_u,0,i was disappointed to see the man i was engaged to pulling rainbow scarves out of his fly.,i was disappointed to see the man i was engaged to pulling rainbow scarves out of his fly.,0.0
1_S10E04_307_u,0,"okay, well, i am sorry. i'm just worried that my sensitivity to temperature could make this a rough night.",i'm sorry. i'm just worried that my sensitivity to temperature could make this a rough night.,0.21052631578947367
1_S10E04_343_u,0,"well, now i don't know if i want to know!",and then we don't know if i want to know.,0.4
1_S10E04_361_u,0,wait. wrong number.,wrong number.,0.3333333333333333
1_S10E04_398_u,0,"well, i didn't, and it's your fault.","i didn't, then it's your fault.",0.2857142857142857
1_S10E04_403_u,0,the kind who almost put a pillow over your face last night.,the kind who almost put a pillow over your face last night. the kind who almost put a pillow over your face last night.,1.0
1_S10E05_079_u,0,"okay. well, for starters, there's nothing wrong with keeping our toothbrushes in the same holder.","okay, well for starters, there's nothing wrong with keeping our toothbrushes in the same holder.",0.13333333333333333
1_S10E05_110_u,0,the only thing i hate more than you right now is that book!,you don't even think i hate more than you right now is that book?,0.38461538461538464
1_S10E05_120_u,0,how 'bout we stay here? we don't even have to tell anyone. it'll be like a secret vacation at home.,how about we stay here? we don't even have to tell anyone. it'll be like a secret vacation.,0.2
1_S10E05_288_u,1,"i'm in a hot tub with you, so pretty bad.","i'm in a hot tub with you, so pretty bad.",0.0
1_S10E05_319_u,0,"no. no, if we both like it, i'll spend the rest of my life opening the freezer and going, ""aw, no strawberry.""","no, no. if we both like it, i'll spend the rest of my life opening the freezer and going, aww, on a strawberry.",0.2727272727272727
1_S10E06_003_u,0,i got asked to sign autographs there.,i got asked to sign autographs there.,0.0
1_S10E06_062_u,0,i felt a kick. there's a baby in there.,i felt okay. there's a baby in there.,0.2222222222222222
1_S10E06_091_u,0,are you kidding? i once paid $20 for theo sassler's signature.,i want to pay 20 hours for theo sassler's signature.,0.6363636363636364
1_S10E06_166_u,0,i feel like i'm selling candy so our team can get new uniforms.,i feel like i'm selling candies or a team can get new uniforms.,0.23076923076923078
1_S10E06_255_u,0,"imagine this: you've got the baby in one hand, groceries in the other, and you're thinking, ""how am i gonna open this trunk?""","to appear why. i got asked to sign autographs there. that's awesome! is this for serial apos? no, could be for the monkey movie.",1.0
1_S10E07_069_u,1,"(chuckling): aw, you think you have an audience, that's funny.","oh, only you think you have an audience, it's funny.",0.3
1_S10E07_110_u,1,"oh. well, j-just out of curiosity, what registers as odd to you",just out of curiosity. what registers as odd to you?,0.4166666666666667
1_S10E07_140_u,1,"oh my god, that's who you look like.","oh my god, that's who you look like.",0.0
1_S10E07_163_u,0,"i'll take that as a ""yes."" she's secretly been moving your collectibles into storage a little at a time and you haven't noticed.",i'll take that as a yes. she's secretly been moving your collectibles into storage a little at a time and you haven't noticed.,0.043478260869565216
1_S10E07_187_u,0,so why don't they just get more drywall?,so why don't they just get more drywall?,0.0
1_S10E07_198_u,0,"oh, don't worry, i won't.",i won't. thank you.,1.0
1_S10E07_247_u,0,"uh, she's enjoyed living with you. it's called being in love.",she's enjoyed living with you. it's called bean in love.,0.18181818181818182
1_S10E07_267_u,0,i told you penny was hiding his things?! it just came up because we-we were talking about secrets and...,when he was having his feet? it just came up because we were talking about secrets and...,0.3684210526315789
1_S10E08_063_u,1,you think it would be more difficult than that?,you think it would be more difficult than that?,0.0
1_S10E08_131_u,1,the last green thing i saw you eat was a skittle.,the last green thing i saw you eat was a skittle.,0.0
1_S10E08_140_u,0,"no, she's right. as long as i've known you, you've always been self-conscious","well, she's right. as long as i've known you, you've always been self-conscious.",0.15384615384615385
1_S10E09_021_u,1,"oh, good, maybe he can build a nicer bridge to live under.",maybe you could build an nicer bridge to live under.,0.4166666666666667
1_S10E09_066_u,1,"you know what, i've met bert. isn't he an indicator of life on other planets?",isn't he an indicator of life on other planets?,0.4
1_S10E09_081_u,0,say hello to everybody's little friend-- remote control stephen hawking!,say hello to everybody's little friend remote control stephen hawker,0.2
1_S10E09_100_u,0,it's like scrolling through the emojis on my phone.,it's like scrolling through the emojis on my phone.,0.0
1_S10E09_169_u,0,"i wet the bed until college, but i don't think","i went the bed until college, but i don't.",0.3
1_S10E09_186_u,0,let it fly.,let it fly.,0.0
1_S10E09_194_u,0,with his other foot. wha--?,the rock with his other foot.,0.6
1_S10E09_258_u,1,what is going on? did you upgrade his software last night?,what is going on? did you upgrade his software last night?,0.0
1_S10E09_324_u,0,i think i hate all of you nerds.,i think i hate all of you nerds.,0.0
1_S10E10_009_u,1,"you know, i have always thought that this couch would look fantastic on the curb in front of the building.","no, i have always thought that this couch would look fantastic on the curb in front of the building.",0.1
1_S10E10_090_u,0,"hang on, maybe it's not the worst idea. i mean, he did do a good job taking care of my mother.","maybe it's not the worst idea. i mean, he did do a good job taking care of my mother.",0.09523809523809523
1_S10E10_158_u,0,i would like to keep... the official flag of our apartment.,"i would like the cheap, the official flag of our apartment.",0.18181818181818182
1_S10E10_269_u,1,"oh, yeah, i read about that on whogivesacrap.com","oh yeah, i write about that on whogizacrap.com",0.375
1_S10E10_376_u,0,"well, for me, too. it's not the same with you gone.","for me too, it's not the same with you gone.",0.2727272727272727
1_S10E11_321_u,1,how many times do i have to say i'm sorry?,how many times do i have to say i'm sorry?,0.0
1_S10E12_115_u,1,cause at the end i assumed there'd be nurses.,and i assume there'd be nurses.,0.5555555555555556
1_S10E13_095_u,1,"i've been seeing him for years, i'm still not convinced he's real.",i've been seeing him for years and still math convinced he's real.,0.25
1_S10E13_135_u,1,"oh, no. good game.","oh no, good game.",0.5
1_S10E14_032_u,1,"so, normal. yeah--",sure. thank you.,1.0
1_S10E14_056_u,1,and you think we can get those guys to reprogram sheldon? cool.,and you think we can get those guys to reprogram sheldon? cool.,0.0
1_S10E14_094_u,1,"well, when you get the machine, you can find out.","well, when you get the machine you can find out",0.2
1_S10E14_476_u,1,"oh, so all we need to do is get sheldon knocked up.",so all we need to do is get shelled and knocked up.,0.25
1_S10E16_009_u,1,"aw, look at you watching sports.","oh, look at you watching sports.",0.16666666666666666
1_S10E17_032_u,1,"wait, wait, not shopping for clothes, right? because look.","wait, wait, not shopping for clothes, right? because look.",0.0
1_S10E17_096_u,1,"no. which will make me miserable, which is usually sheldon's job.","no, which will make me miserable, which is usually shot in shot.",0.36363636363636365
1_S10E17_125_u,1,you could charge people money to punch you.,you could charge people money to punch you.,0.0
1_S10E17_146_u,1,"oh, dear god, you're cheating on me with raj.","oh dear god, you're cheating on me with rice.",0.2222222222222222
1_S10E17_287_u,1,"yeah, that's working out great for me.","yep, that's working out great for me!",0.2857142857142857
1_S10E18_164_u,1,maybe we should take them both to the park and let them run around together.,"maybe we should take them both to the park, let them run around together.",0.13333333333333333
1_S10E18_266_u,1,do you actually pay for that haircut?,do you actually pay for that haircut?,0.0
1_S10E18_323_u,1,(sighs) i'll say it again. india.,"ah, i'll say it again. india.",0.16666666666666666
1_S10E18_391_u,1,"oh, great, it'll be easier for you to look up at the stars without a roof over your head.","great, i hope you easier for you to look up at the stars without a roof over your head",0.2631578947368421
1_S10E18_423_u,1,more reasons for you to stay.,more reasons for you to stay.,0.0
1_S10E19_015_u,1,sure. you're living here for free. i guess i owe you.,"sure, you're living here for free, i guess i owe you.",0.18181818181818182
1_S10E19_252_u,1,you sure you don't fit in? you sound like a catty bitch to me.,"sure, you don't fit in. you sound like a caddy bitch to me.",0.2857142857142857
1_S10E21_151_u,1,"hey, i already set up howard and bernadette. it's your turn to ruin some poor girl's life.","hey, i already set up howard and bernadette. you're turned to ruin some poor girl's life.",0.17647058823529413
1_S10E21_200_u,1,"what'd you do, delete your photo?",what would you do to delete your photo?,0.6666666666666666
1_S10E23_165_u,1,"oh, sweetie, you might not live that long.","sweetie, you might not live that long.",0.125
1_S11E01_100_u,0,"okay, you can stop leading with that part of the story.","okay, you can stop leading with that part of the story.",0.0
1_S11E01_222_u,0,"well, you came to the wrong place.","well, you came to the wrong place.",0.0
1_S11E01_337_u,0,"i'm sorry, what?",i'm sorry what?,0.3333333333333333
1_S11E01_400_u,1,"well, bernadette has to grow a baby inside of her, and amy has to marry one. my life is great.",how bernadette has to grow baby inside of her and amy has to marry one. my life is great!,0.2
1_S11E01_446_u,0,"h-hey, her eyes are up there.","okay, her eyes are up there.",0.16666666666666666
1_S11E02_008_u,0,"yeah, i'm still mad at you. (clears throat)","yeah, i'm still mad at you.",0.25
1_S11E02_030_u,1,really? you?,really you?,0.5
1_S11E02_049_u,0,thank you for having me. whoa... (chuckles) could never get used to hearing myself in headphones. is that really how i sound?,thank you for having me woo. i could never get used to hearing myself in headphones is that really how i sound?,0.18181818181818182
1_S11E02_127_u,0,fingers crossed.,"in your gut. in your hola phase, the coach says a game gives you out and you can be the only one to play? k sarah mindset! genie 90, c on time!",16.0
1_S11E02_205_u,0,"well, that's why i brought the bottle.","no, that's why i brought the bottle.",0.14285714285714285
1_S11E02_299_u,0,tell me about it. howie texts me every time his dog levels up in warcraft.,tell me about it. how he texts me every time his dog levels up in the warcraft.,0.2
1_S11E03_006_u,0,i thought we agreed on june 15.,i thought we agreed on june 15th.,0.14285714285714285
1_S11E03_169_u,0,"me, either. what a small world.","me either, what a small word!",0.5
1_S11E03_220_u,0,"honey, that's you.","honey, that's you.",0.0
1_S11E03_250_u,0,why should i bow out?,i bow out.,0.6
1_S11E03_321_u,0,what's to worry about?,let's do worry about.,0.75
1_S11E03_365_u,0,"oh, my god, what happened?!","oh my god, what a laughin'!",0.6
1_S11E04_005_u,0,"oh, that's sweet, but today is all about you.","well, that's sweet, but today's all about you.",0.3333333333333333
1_S11E04_016_u,0,"well, it's a boy.","well, it's a boy.",0.0
1_S11E04_024_u,1,i already have a little version of howard.,i already have a little version of that.,0.125
1_S11E04_067_u,0,"nah, it's worth it.",not worth it.,0.5
1_S11E04_137_u,0,"""daddy's little girl""?",daddy's a little girl.,1.0
1_S11E04_162_u,0,it's more of a tradition.,it's more of a tradition.,0.0
1_S11E04_273_u,0,"thanks for trying, but you're not gonna be able to cheer me up.","thanks for trying, but you're not going to be able to cheer me up.",0.15384615384615385
1_S11E04_298_u,0,"no, i'm fine.","no, i'm fine.",0.0
1_S11E04_315_u,0,okay... i'm pretty sure they're not best friends.,okay. i'm pretty sure they're not best friends.,0.125
1_S11E04_347_u,1,what about people distracted by irritating passengers?,what about people distracted by irritating passengers?,0.0
1_S11E05_005_u,0,"yeah, which is why it's okay.",which is why it's okay.,0.16666666666666666
1_S11E05_060_u,0,wha... no!,now what?,1.0
1_S11E05_099_u,1,"based on that ring on your finger, i'd say you're pretty good at controlling robots.","based on that ring on your finger, so you're pretty good at controlling robots.",0.13333333333333333
1_S11E05_156_u,1,my ride home with you was hellish.,ride home with you was hellish.,0.14285714285714285
1_S11E05_186_u,0,what do we do when he turns six? take him to the zoo and leave him there.,we do when he turns six. take him to the zoo and leave him there.,0.17647058823529413
1_S11E05_193_u,1,i thought his work wife was standing in my kitchen.,work life was standing in my kitchen.,0.4
1_S11E05_253_u,0,maybe there's something in the book that will help.,maybe there's something in the book that will help.,0.0
1_S11E05_306_u,0,"i used to make it appear in my pants, but hr said i had to stop doing that.","i used to make it appear in my pants, but hr said i had to stop doing that.",0.0
1_S11E05_343_u,0,"at least he can still clean the oven, so that's something.","at least you could still clean the oven, so that's something.",0.18181818181818182
1_S11E05_370_u,0,"leonard, what are you doing?",what do you do?,0.6
1_S11E05_402_u,0,"oh, my god, you're still here?","oh my god, you're still here?",0.16666666666666666
1_S11E05_429_u,0,"yeah, bernadette texted earlier. raj is really getting on her nerves.","yeah, bernabet texted earlier, raj's really getting on her nerves.",0.36363636363636365
1_S11E05_448_u,0,"in the book this is based on, that man's the killer.","in the book, this is based on, that man's the killer.",0.09090909090909091
1_S11E06_003_u,0,"i'm not allowed to eat for 12 hours before my surgery, and i only got two more minutes.","for 12 hours before my surgery, and i only got two more minutes.",0.2777777777777778
1_S11E06_019_u,1,"he was cremated, and his remains were put in a baking soda volcano.",cremated and as remains were put in the baking soda volcano.,0.38461538461538464
1_S11E06_060_u,0,gift shop.,give shot.,1.0
1_S11E06_102_u,1,"no, he is saying how can these prices be so low?","huh? no, you're just saying, out can these prices?",0.8181818181818182
1_S11E06_187_u,0,"you want to lie down, watch a movie?",you wanna write down what's your movie?,0.75
1_S11E06_249_u,0,"well, you're... i can get the baby.","well, you're very, i can get the baby. no!",0.42857142857142855
1_S11E06_391_u,0,how irresponsible do you all think i am?,how irresponsible do you all think i am? we don't think...,0.375
1_S11E06_410_u,1,"you were a terrible waitress, and we still asked you to get us a snack.",you were a terrible waitress and we still ask you to get us a snack.,0.13333333333333333
1_S11E06_448_u,0,"well, don't worry. he's now on my enemies list forever. he's totally cut off.","well, don't worry. he's now on my enemy's list forever. he's totally cut off.",0.07142857142857142
1_S11E07_026_u,0,"it does, but it's still geology.","does, but it's still geology.",0.16666666666666666
1_S11E07_112_u,0,it doesn't even matter how many all-rounders you have.,it doesn't even matter how many all-rounders you have!,0.1111111111111111
1_S11E07_153_u,0,"just a minute, i want to make sure leonard can't hear us.","just a minute, i want to make sure leonard can't hear us.",0.0
1_S11E07_161_u,1,i don't know. poor bert?,"i don't know, poor bird. bye.",0.6
1_S11E07_220_u,0,i should get a haircut; this thing's going south fast.,"i should get a haircut, this thing's going south fast.",0.1
1_S11E07_265_u,0,"sheldon, that was pretty rude.","sheldon, that was pretty rude.",0.0
1_S11E07_271_u,0,no! get out of here!,get out of here.,0.4
1_S11E07_381_u,0,bert asked for my help.,bird asks for my help.,0.4
1_S11E07_405_u,0,and she still doesn't.,and she's still doesn't.,0.25
1_S11E07_415_u,0,give him a chance. he's gonna get this.,give him a chance he's gonna get this.,0.125
1_S11E08_005_u,0,"well, according to his text, he was on the second floor, then he stopped to tie his shoe.","but according to his text, he was on the second floor then he stopped to tie a shoe.",0.16666666666666666
1_S11E08_113_u,0,"yeah, just turn off your brain and let your uterus do its magic.",just don't off your brain and let your uterus do its magic,0.23076923076923078
1_S11E08_137_u,1,i don't know. target practice?,i don't know target practice.,0.4
1_S11E08_142_u,0,great. i want answers and he'd better give them to us.,i want answers and he'd better give them to us.,0.09090909090909091
1_S11E08_195_u,0,i know. it was when i stubbed my toe.,i know it was when i stubbed my toe.,0.1111111111111111
1_S11E08_217_u,0,"you know what, you like to think that you're just like tesla, but the truth is you're exactly like edison.","you know what? you like to think that you're just like tesla, but the truth is, you're exactly like edison.",0.1
1_S11E08_283_u,0,get to the point! oh.,point!,0.8
1_S11E08_305_u,0,be even better if he swapped out the helium for xenon.,even better if we swapped out the helium for xenon.,0.18181818181818182
1_S11E08_351_u,0,yes. why don't you run get me a can of pringles.,"yes, why don't you want to get me a can of twingles?",0.36363636363636365
1_S11E08_428_u,0,"well, that doesn't help at all.",doesn't help at all.,0.3333333333333333
1_S11E10_009_u,0,"(knocking) hey, you had unprotected sex with howard. you deserve to be miserable.","hey, you had unprotected sex with howard, you deserved to be miserable.",0.23076923076923078
1_S11E10_062_u,0,why not hexadecimal?,why not hexedasma?,0.3333333333333333
1_S11E10_143_u,0,stop apologizing!,apologizing.,1.0
1_S11E10_228_u,1,"while we're apart, can i see other needy indian men?","while we're apart, can i see other needy indian men? get off!",0.2
1_S11E10_240_u,1,"i forget, which mental hospital are you guys registered at?",i forget which mental hospital are you guys registered at?,0.1
1_S11E10_249_u,0,"(sighs) well, what's it gonna take? you want half my sandwich?",what's it gonna take? you won't have my sandwich?,0.36363636363636365
1_S11E10_297_u,0,"oh, okay. sorry. i wasn't ready for it. try again.","oh, okay. sorry. i wasn't ready for it. try again. yup.",0.1
1_S11E10_309_u,1,then you never saw any other people?,never saw any other people.,0.42857142857142855
1_S11E10_337_u,0,"wow, this conversation got mean fast.","wow, this conversation got me in fast.",0.3333333333333333
1_S11E10_432_u,0,i'll catch up with you guys. okay.,i'll catch up with you guys.,0.14285714285714285
1_S11E10_461_u,0,"decaf, genius. (clears throat)","érioagigne finally found its home just in time to learn from your comments. dziękuję grateful everyone, thank you.",4.5
1_S11E11_024_u,0,why are you smoking meat?,why are you smoking?,0.4
1_S11E11_055_u,0,"i have an extra ticket to the opening of the last jedi tonight. it was gonna be howard's, but you can have it.","i have an extra ticket to the opening of the last jedi tonight. it was going to be howard's, but you can have it.",0.08695652173913043
1_S11E11_077_u,0,i don't know.,i don't know.,0.0
1_S11E11_098_u,0,"aw, the people's pajamas have little horses on them, and the horses' have little people.",all the people's pajamas have little horses on them and the horse is have little people,0.3333333333333333
1_S11E11_127_u,0,great. can you bring a few things?,great. can you bring a few things?,0.0
1_S11E11_182_u,0,"oh, fun. can i help?","it's a little fun, can i help?",0.8
1_S11E11_217_u,0,"great, 'cause it's tomorrow, and i need you to plan it.","great, because it's tomorrow and i need you to plan it.",0.18181818181818182
1_S11E11_301_u,0,"no, the fern. the one in the bathroom.","no, the e-farn, the one in the bathroom.",0.125
1_S11E11_343_u,0,"oh, grow up.",i'm gonna roll up.,1.0
1_S11E11_403_u,0,"ooh, i want to see the birthday girl.",i want to see the birthday girl.,0.125
1_S11E12_038_u,1,that's funny. i always thought howard was nature's way of saying the wolowitz line ends here,that's funny. i was sort of how it was nature's way of seeing the,0.625
1_S11E12_237_u,0,why can't amy drive you?,why can't amy drive you?,0.0
1_S11E12_279_u,0,"yeah, did sheldon send it to you?","yeah, good chardonnay senate to you.",0.7142857142857143
1_S11E12_290_u,1,i don't think they're acting.,i don't think they're acting.,0.0
1_S11E13_001_u,1,newspapers? did you find a portal back to the 1990s?,papers to do find a portal back to the 1990s.,0.4
1_S11E13_211_u,1,"wow, i didn't think anything could top last night's spelling bee, but here comes math.","i didn't think anything could top last night spelling be, but here comes math.",0.2
1_S11E13_362_u,1,did it work?,did it work?,0.0
1_S11E16_170_u,1,you're right. that's so much better.,you're right. that's so much better.,0.0
1_S11E18_206_u,1,i didn't know that came in a boys' medium.,i didn't know that came in a boy's medium.,0.1111111111111111
1_S11E19_030_u,1,"except for you, sheldon. you're eating crow.","except for you, sheldon, you're eating crow.",0.14285714285714285
1_S11E19_143_u,1,the drone or your stupid robot show,the drone or your stupid robot show?,0.14285714285714285
1_S11E20_143_u,1,"oh, just about who you're marrying.",just about who you're marrying.,0.16666666666666666
1_S11E20_332_u,1,and alive?,and the life.,1.0
1_S11E21_080_u,1,is it your teen years?,is it your teen years?,0.0
1_S11E21_201_u,1,"i'll go to dinner, and you can stay home with the internet and have romance.",i'll go to dinner and you can stay home with the internet and have romance.,0.06666666666666667
1_S11E22_069_u,1,"mm. well, i've got a push-up bra i can loan you that always gets me free drinks.","hmm, i've got a push-up where i can loan you that always gets me free drinks.",0.17647058823529413
1_S11E22_149_u,1,"if there's someone more relentless than you, i'd like to meet them.",there's someone more relentless than you. i'd like to meet them.,0.16666666666666666
1_S11E22_205_u,1,no. i'm just sitting here at my desk typing on my computer for nothing.,"no, i'm just sitting here at my desk typing on my computer for nothing.",0.07142857142857142
1_S11E22_260_u,1,step one is flunk out of art school.,step on is flunk out of art school.,0.125
1_S11E23_048_u,1,"ooh, now it's starting to sound like a good wedding.",oh now it's starting to sound like a good wedding.,0.1
1_S11E24_338_u,1,"oh, science? shocking!",science is shocking! you don't understand...,1.6666666666666667
1_S12E01_111_u,0,this is the news. and that was a woman torn between two hunky vampires.,this is the news. that was a woman torn between two hunky vampires. what?,0.14285714285714285
1_S12E01_139_u,1,you happy? you smell like amy's dad.,you're happy you smell like amy's dad.,0.2857142857142857
1_S12E01_150_u,0,you want to say it? you can say it.,i'm gonna say it's a joke.,0.8888888888888888
1_S12E01_248_u,1,"you know, i cut you a lot of slack cause you come from another country, but you've been here a long time.","yeah, i cut you a lot of slack because you've come from another country, but you've been here a long time",0.22727272727272727
1_S12E01_268_u,1,what are you gonna do? he's from another country.,what are you going to do? he's from another country.,0.2222222222222222
1_S12E01_274_u,0,just let it go.,just let it go.,0.0
1_S12E01_297_u,1,for a successful day of ballbusting.,successful day of ball busting.,0.6666666666666666
1_S12E01_325_u,0,you called him mike tyson's little sister.,you called him mike tyson's little sister.,0.0
1_S12E01_332_u,1,"oh, please, you're just the right amount of bearing.","please, you're just the right amount of bearing.",0.1111111111111111
1_S12E01_339_u,1,"me, too.",we know,1.0
1_S12E02_006_u,0,"i told you, i'm not okay with it.",i told you i'm not okay with you.,0.25
1_S12E02_105_u,1,are you sure she wasn't trying to breathe life back into him?,i wasn't trying to breathe life back into him. i don't think...,0.6666666666666666
1_S12E02_118_u,1,is she into you or does she just hate her parents?,does she just hate her parents?,0.45454545454545453
1_S12E02_204_u,1,of course he knows what it is. he's the smartest man in the world.,"i see knows what it is, smartest man in the world.",0.42857142857142855
1_S12E02_228_u,1,"if you're asking if you and amy should spend the next couple days running all over town searching for the next clue, i'm gonna have to say yes.",if you're asking if you and amy should spend the next couple days running all over town searching for the next clue i'm gonna have to say yes,0.07142857142857142
1_S12E02_262_u,1,riveting.,riveting.,0.0
1_S12E02_274_u,1,"or you can ask me, the geologist who won the macarthur genius grant.","we could ask me, the geologists who won the macarthur genius correct. got it.",0.5384615384615384
1_S12E02_358_u,1,wow. gentile moms are tough.,"wow, 10 tile moms are tough.",0.6
1_S12E02_385_u,1,"and if not, swing by the chocolate factory and see if they're hiring.","and if not, swing by the chocolate factory and see if they're hiring.",0.0
1_S12E02_433_u,0,- we wrote you a special thank you note. - oh.,we wrote you a special thank you note.,0.2727272727272727
1_S12E02_443_u,0,i'm no longer happy.,i'm no longer happy.,0.0
1_S12E02_466_u,1,do your 63 other crayon friends know you're out?,achilles' quick潜.,1.0
1_S12E02_471_u,1,"yeah, i'm in the mood for orange chicken.",for orange chicken.,0.625
1_S12E03_061_u,0,you'’re the one who said you wanted to read more.,i think the one that said you wanted to read more. yes.,0.4
1_S12E03_095_u,0,he sent us that indian marriage questionnaire.,he sent us that indian marriage questionnaire.,0.0
1_S12E03_101_u,1,"great, so your church is our lady of the stretchy pants.","great, so your churches are lady of the stretchy pants.",0.2727272727272727
1_S12E03_118_u,1,"well, i did take care of sheldon for 15 years, and he only bite me once",i did take care of sheldon for 15 years and he only...,0.375
1_S12E03_174_u,0,i get that.,i get that.,0.0
1_S12E03_195_u,1,"you'’re right, you'’ve got leonard. what more do you need?",you're right. you got leonard. what more do you need?,0.3
1_S12E03_239_u,0,"i told him it was dumb, and now he'’s mad at me.",i told him it was dumb and now he's mad at me.,0.16666666666666666
1_S12E03_263_u,0,"no. no. no, no. no, no, no, no, no, no, no, no.",no! no! no no no no no no no no!,1.0
1_S12E03_286_u,1,"grape nuts for breakfast, quiet car ride, things are really breaking my way today.","great nuts for breakfast, quiet car ride, things are really breaking my way today.",0.07142857142857142
1_S12E03_310_u,0,although that cinnamon roll does smell good if you'’re open to halfsies.,although that cinnamon will just smell good if you open to have these.,0.4166666666666667
1_S12E03_337_u,0,they will find other friends.,"they will find other friends. oh, sh-",0.4
1_S12E03_338_u,1,"oh, sure, '’cause sheldon'’s dna plus my dna equals a kid who knows how to make friends. grow up!",because sheldon's dna plus my dna equals a kid who knows how to make friends grow up!,0.2631578947368421
1_S12E03_380_u,0,really? we'’re joking about this now?,"really? we're joking about this now. no, look...",0.6666666666666666
1_S12E03_410_u,1,oh. we can'’t use that. that was the theme of my parents'’ divorce.,we can't use that. that was the theme of my parents divorce.,0.23076923076923078
1_S12E03_449_u,0,"oh, my god. you bought me the batmobile?!","oh my god, you bought me the pad movie.",0.5
1_S12E04_003_u,1,"wait, i'm still in them, right?","i'm still in them, right?",0.16666666666666666
1_S12E04_027_u,1,"i didn't just drink the crazy milk, i bought the crazy cow.",i didn't just drink the crazy milk. i bought the crazy cow.,0.08333333333333333
1_S12E04_040_u,1,tell us the truth. did she get you pregnant?,because she get you pregnant.,0.6666666666666666
1_S12E04_046_u,1,"well, it's hard to say, not knowing much about her. does she have fingers?",say not knowing much about her. does she have fingers?,0.35714285714285715
1_S12E04_055_u,0,"yeah, so did the koala.",that's what i called li f,1.2
1_S12E04_070_u,0,"okay, listen, i'm really worried about this whole raj thing.","listen, i'm really worried about this whole raged thing.",0.2
1_S12E04_076_u,1,"i looked online. she doesn't have an instagram, which means she's either 80 or something's wrong with her.","she doesn't have an instagram, which means she's either 80 or something's wrong with her.",0.16666666666666666
1_S12E04_102_u,0,this is a safe space-- it's okay to be vulnerable.,space it's okay to be vulnerable.,0.5
1_S12E04_195_u,1,"she can get into any restaurant, but the best husband she can find is raj?","she didn't get into any restaurant, but the best husband she could find is raj.",0.2
1_S12E04_204_u,0,"oh, i've been trying to get in touch with him, but i never heard back. is he okay?",trying to get in touch with them but i never heard back is he okay,0.3333333333333333
1_S12E04_233_u,0,how did i betray you?,that i'd be trying to.,1.0
1_S12E04_242_u,1,were there no other kids in texas?,no other kids in texas?,0.2857142857142857
1_S12E04_249_u,0,"you know, i was curious to find out what tam had done wrong.",now i was curious to find out what tam had done wrong.,0.15384615384615385
1_S12E04_276_u,0,"so, what do you want to know?","so, what do you want to know?",0.0
1_S12E04_456_u,0,all i see is a yellow smudge.,i see as a yellow smudge.,0.2857142857142857
1_S12E05_030_u,1,"hmm, yeah, but somehow, you manage.","yeah, but somehow you manage.",0.3333333333333333
1_S12E05_054_u,0,"oh, the helmet will sense that and stop the experiment.","oh, the helmet will sense that and stop the experiment.",0.0
1_S12E05_083_u,0,and it's gone.,in lorentz aren't you gonna cut thatline?,2.3333333333333335
1_S12E05_110_u,1,yeah. i already got a man for that.,i already got a man for that.,0.125
1_S12E05_134_u,0,"first of all, i've totally done karaoke with a rock star.","first of all, i've totally done karaoke with a rock.",0.18181818181818182
1_S12E06_010_u,0,did you know the michael myers mask from the film was actually a captain kirk mask turned inside out?,did you know that michael myers' mask from the film is actually a captain kirk mask turned inside out? oh.,0.21052631578947367
1_S12E06_016_u,1,says the man with a giant belt buckle and a dickey.,says the man with a giant belt buckle and a dickie.,0.09090909090909091
1_S12E06_027_u,0,all the time? i only remember being invited to one.,all the time i only remember being invited to one.,0.1
1_S12E06_088_u,1,maybe he's cranky because he's off his bathroom schedule.,because he's office bathrooms casual.,0.7777777777777778
1_S12E06_111_u,0,"you get that i'm wearing a corset because of you, not because i'm tired of breathing?","i'm wearing a corset because of you, not because i'm tired of breathing.",0.25
1_S12E06_171_u,0,"oh, come on. it was all in good fun.","oh come on, it was all good fun.",0.3333333333333333
1_S12E06_229_u,0,really? we're still doing this?,we're still doing this.,0.4
1_S12E06_248_u,1,and i don't understand what's going on because i went to mit.,now i don't understand what's going on because i went to mit.,0.08333333333333333
1_S12E06_287_u,0,it was. and i'm sorry about earlier.,"it was, and i'm sorry about earlier.",0.14285714285714285
1_S12E06_316_u,1,"hmm. look at you, improving on perfection. how so?",look at you improving on perfection. how so?,0.2222222222222222
1_S12E06_367_u,0,"what do you want, sheldon?","what do you want, cheldin?",0.2
1_S12E06_412_u,1,that's what you said about the butterfly pavilion at the zoo.,that's what you said about the butterfly pavilion at the zoo.,0.0
1_S12E07_005_u,0,"i'm gonna hook up the garden hose, so it has running water.","the garden house, so it has running water. why does it...",0.6666666666666666
1_S12E07_060_u,1,you sound like my wife just before she asked me to go to coachella.,i sound like my wife just before she asked me to go to coachella.,0.07142857142857142
1_S12E07_092_u,0,a little swagger in your step?,swagger in your step.,0.5
1_S12E07_105_u,1,"should we form a line, or just do it like we're bobbing for apples?",should we form a line or just do it like we're bobbing frapples?,0.21428571428571427
1_S12E07_147_u,0,"hmm. but you're not, are you?","hmm, but you're not, are you?",0.16666666666666666
1_S12E07_169_u,0,"you know, if it's that easy, then why does leonard have to drive you to work every day?","you know, i bet it's that easy that one is littered and i have to drive you to work every day.",0.5555555555555556
1_S12E07_179_u,0,"yeah, sure. you slept with your husband.","yeah, sure, you slept with your husband.",0.14285714285714285
1_S12E07_264_u,0,(whining): it's just so hard!,just so hard up.,0.8
1_S12E07_424_u,0,what was the case?,what was the case?,0.0
1_S12E07_443_u,0,i have no idea.,no idea.,0.5
1_S12E08_006_u,0,"well, how would you guys feel about going to india for my wedding?",how would you guys feel about going to india for my wedding?,0.07692307692307693
1_S12E08_023_u,1,"yeah. and my mom loves penny, which is weird, because i never knew she could love.","yeah, my mom loves panty, which is weird because i'd never knew she could love.",0.3125
1_S12E08_071_u,0,it doesn't have to be tonight.,does it have to be tonight?,0.5
1_S12E08_098_u,1,"yeah, you're gonna need to show your work on that.",you're gonna need to show your work on that.,0.1
1_S12E08_103_u,1,which is perfect.,他也是.,1.0
1_S12E08_135_u,0,"he's our friend. what's up, pal?","he's our friend. what's up, pal?",0.0
1_S12E08_258_u,1,you can do that but you still can't get my bra off.,"you can do that, but you still can't get my broth.",0.25
1_S12E08_445_u,1,(chuckles) couldn't think of a single reason not to.,i couldn't think of a single reason not to.,0.1111111111111111
1_S12E09_005_u,1,"how about that? there is an ""i"" in ""team.""",how about that? there is an eye in team.,0.2222222222222222
1_S12E09_081_u,1,"well, i am shocked, sheldon, because i totally believed that the woman you reported for being stingy with the peas couldn't keep her hands off you.","well, i am shocked, sheldon, because i totally believed that the woman you reported for being stingy with the peas couldn't keep her hands off you.",0.0
1_S12E09_090_u,1,you mean the last two minutes or the last 20 years?,you mean the last two minutes or the last 20 years?,0.0
1_S12E09_103_u,1,it just got more fun.,and it just got more fun.,0.2
1_S12E09_175_u,0,"all right, great, can we go?",are you great? can we go?,0.5
1_S12E09_207_u,0,okay.,okay.,0.0
1_S12E09_307_u,1,"what, the alphabet?",the alphabet?,0.3333333333333333
1_S12E09_369_u,1,"all right, well, they're already dead. there's nothing we can do.","well, they're already dead. there's nothing we can do.",0.18181818181818182
1_S12E09_413_u,0,like i don't care at all.,i don't care at all.,0.16666666666666666
1_S12E10_076_u,0,you or the steak?,the steak. me.,1.0
1_S12E10_195_u,0,why is it all in the living room?,why is it all in the living room?,0.0
1_S12E10_245_u,1,"and when i was little and my dog died, my mom sat me down and very gently told me that she wished the truck had hit my dad instead.","little in my dog died, my mom sat me down and very gently told me that she wish the truck could hit my dad instead.",0.2413793103448276
1_S12E11_002_u,1,- a waste of champagne?,you know what i call this drink? a waste of champagne.,1.6
1_S12E11_072_u,1,"no offense, worker bees.",no offense worker bees.,0.25
1_S12E11_190_u,1,"well, you really managed to capture my voice.","well, you really managed to capture my voice.",0.0
1_S12E11_199_u,1,"""pretty well""?",pretty well.,1.0
1_S12E11_216_u,1,maybe she doesn't have tip money?,maybe she doesn't have tip money?,0.0
1_S12E12_030_u,1,"yeah, so impressive how you manage to bounce back after having no babies.","yeah, don't press if how you managed to bounce back after having no baby.",0.38461538461538464
1_S12E12_043_u,1,"i open the door and say, ""hey, raj.""","i open the door and say, hey, raj!",0.25
1_S12E12_086_u,1,leonard was just saying how he was hoping to have dinner with one of your ex-boyfriends on his expensive boat.,with just saying how he was hoping to have dinner with one of your ex-boyfriends on his expensive boat!,0.15
1_S12E12_266_u,1,you went to college.,to college.,0.5
1_S12E12_281_u,1,but... thank you for saying it out loud.,but thank you for saying it out loud.,0.125
1_S12E12_371_u,1,they wanted you?,with you?,0.6666666666666666
1_S12E13_088_u,1,"well, i know how to do the dishes. just, sometimes i'm tired.",i know how to do the dishes just sometimes i'm tired.,0.25
1_S12E13_224_u,1,"yeah, who remembers the guy who was trying to find india and discovered america instead?","yeah, who remembers the guy who was trying to find india and discovered america instead?",0.0
1_S12E14_125_u,1,"including the rare ""dayquilt"" misprint from 1996.",including the rare day quilt miss print from 1996.,0.5714285714285714
1_S12E14_152_u,1,it's nice they found each other.,it's nice they found each other.,0.0
1_S12E15_013_u,1,"yeah, and we don't find it weird at all.",and we don't find it weird at all.,0.1111111111111111
1_S12E15_064_u,1,"oh, yeah, i would have forgotten, except for those nonrefundable airline tickets to india i bought.","oh, yeah, i would have forgotten. except for those non-refundable airline tickets to india, i bought.",0.1875
1_S12E15_154_u,1,"well, it is important for you two to keep the spark alive.",it is important for you to keep the spark alive.,0.16666666666666666
1_S12E15_273_u,1,"i told you, if we left pizza on the counter,",i told you we left pizza on the counter.,0.3
1_S12E15_351_u,1,"well, i took a nap next to hot dog on a stick. what do you think?",i took a nap next to hot dog on a stick. what do you think?,0.0625
1_S12E15_420_u,1,"really? well, i did not see that coming.","really? well, i did not see that coming.",0.0
1_S12E16_140_u,1,"oh, no, this is the rest of our lives.","oh, no. this is the rest of our lives.",0.1111111111111111
1_S12E17_085_u,1,was one of the options the option to never come back?,"was one of the options, the option, and never come back.",0.36363636363636365
1_S12E17_124_u,1,"what do you call that, bishops be crazy?",call that bishops be crazy?,0.5
1_S12E17_195_u,1,maybe she's basing that on your poor husbanding skills.,maybe she's basing that on your poor husbanding skills.,0.0
1_S12E17_336_u,1,"no, by opening the door to a hangar and letting the airplane fly in.","no, by opening the door to a hangar and letting the airplane fly in.",0.0
1_S12E18_030_u,1,"yeah, you should've seen her take down john krasinski last week. got him to admit he loved his wife. it was brutal.","yeah, you should have seen her take down john krasinski last week. got him to admit he loved his wife. it was brutal.",0.09090909090909091
1_S12E18_159_u,1,"honey, remember, she's my child, too.",remember she's my child too.,0.5
1_S12E18_198_u,1,"and i'm supposed to be living on my own at this age, but here we are.","and i'm supposed to be living on my own at this age, but here we are.",0.0
1_S12E18_225_u,1,"no. ""unfortunately, sheldon..."" that's all you got to say.","fortunately, sheildin, that's all you guys say.",0.5555555555555556
1_S12E18_290_u,1,but the time machine thing is probably more likely.,but the time machine thing is probably more likely.,0.0
1_S12E18_303_u,1,no. (chuckles) it's great. i just don't want anyone to ever see it or read it or know it exists.,"no, it's great. i just don't want anyone to ever see it or read it or know it exists.",0.1
1_S12E19_143_u,1,numb your brain with alcohol and watch a reality show where wealthy people pick fake arguments with each other?,with alcohol and watch a reality show where wealthy people pick fake arguments with each other.,0.21052631578947367
1_S12E19_354_u,1,"well, i don't see what else you could've done.","well, i don't see what else you could have done.",0.2222222222222222
1_S12E20_378_u,1,i speak a little russian. will you take nyet for an answer?,i speak a little russian. will you take nyet for an answer?,0.0
1_S12E21_167_u,1,"yes, but it may just be the indian accent.",but it may just be the indian accent.,0.1111111111111111
1_S12E21_261_u,1,other than bernadette? that does not sound right.,other than bernadette that does not sound right.,0.125
1_S12E21_285_u,1,you sure you're not thinking about your husband?,thinking about your husband?,0.5
1_S12E22_004_u,1,never? isn't that usually when you go to the gym?,never. it's not usually when you go to the gym.,0.4
1_S12E22_066_u,1,"apparently, a guy who wants to have his feelings hurt.",apparently a guy who wants to have his feelings hurt.,0.1
1_S12E22_188_u,1,"i can see why she would say that, but why do you?","and see why she would say that, but why do you?",0.16666666666666666
1_S12E22_211_u,1,"so, you're an indian giver?","so, you're an indian giver.",0.2
1_S12E23_209_u,1,so not mr. and mrs. wackadoodle?,not mr. and mrs. wackadiddle.,0.3333333333333333
1_S12E23_350_u,1,maybe 300 tiny haircuts over a ten-year period.,there be 300 tiny haircuts over a 10-year period.,0.375
1_S12E23_389_u,1,"heck, you've had sex almost as many times as i have fingers.","heck, you've had sex almost as many times as i have fingers.",0.0
1_S12E23_470_u,1,"this might be the glue talking, but that was a very pleasurable 139 and a half hours.","this might be the glue talking, but that was a very pleasurable 139.5 hours.",0.23529411764705882
1_S12E23_488_u,1,i stand by my statement.,i stand by my statement.,0.0
1_S12E23_539_u,1,"it was her, right?","it was her, right?",0.0
1_S12E23_576_u,1,welcome to my life.,welcome to my life.,0.0
1_S12E23_600_u,1,(quietly): i told you these tickets weren't free.,told you these tickets weren't free.,0.25
2_1_u,0,"yes you can. you're thinking about time, you can't go back in time.","yes, you can. you're thinking about time. you can't go back in time.",0.15384615384615385
2_102_u,1,no blanche she is upset because they keep changing the taste of coke.,"no blanche, she's upset because they keep changing the taste of coke.",0.23076923076923078
2_103_u,1,"no, this is just part of a daredevil game that i play called wait until last moment before i burst and die","no, this is just part of a daredevil game that i play called, wait until the last moment before i burst and die.",0.13636363636363635
2_104_u,1,was that place the sun?,was that place the sun? laughter,0.2
2_105_u,1,why? you never look down in the shower? oh please i am allowed one joke in the monkey is penis genre.,"well, did you never look down on the shower? oh, please. i'm not allowed to make one joke in the monkey's penis genre.",0.5238095238095238
2_107_u,0,you'd better act surprised.,you better act surprised.,0.25
2_109_u,1,"i thought if i littered, that crying indian might come by and save us.","well, i thought if i littered that crying indian might come by and save us.",0.14285714285714285
2_11_u,1,his cappucino maker.,his cappuccino maker.,0.3333333333333333
2_111_u,0,what was that?!,what was that?,0.3333333333333333
2_112_u,1,i think this is probably why damone smokes in his cell alone.,i think this is probably why domo and smokesin' is sell along.,0.5
2_113_u,1,"no, no the actual cartoon character .. of course the baloon.","no, no, the actual cartoon character. of course the one goes.",0.45454545454545453
2_114_u,1,spanish midgets wrestling julie! okay yes i see how they got there.,"spanish midgets, spanish midgets wrestling. julie, okay, yes, i see how you got there. i see how you got there.",1.0833333333333333
2_115_u,1,"i am sorry, we donõt have your sheep.","i'm sorry, we don't have your sheep.",0.375
2_118_u,0,"seriously, it's moving!","seriously, it's moving.",0.3333333333333333
2_119_u,0,yeah. what-what should i do?,"yeah, what should i do?",0.4
2_12_u,0,i studied for a year in barcelona.,i studied for a year in barcelona.,0.0
2_120_u,1,"you know some might find it amusing, i myself find it regular.","you know, some might find it amusing. i myself find it regular.",0.16666666666666666
2_121_u,1,what was i doing? my ben gazara in person?,what was i doing? my ben gazzara and person,0.3333333333333333
2_123_u,1,nooo!,no!,1.0
2_124_u,1,i am so confused as to what we have been doing so far.,i'm so confused as to what we've been doing so far.,0.3076923076923077
2_125_u,0,i mean if you hadn't initiated it i-i-i know i would've.,"i mean, if you hadn't initiated it, i know i would have.",0.45454545454545453
2_126_u,1,no i am upset because joe piscapo didn't get the lead role in rain man.,"no, i'm upset because joe piscopo didn't get the lead role in rain man.",0.26666666666666666
2_127_u,0,"when? today? some, not a lot.","what, today? some not a lot.",0.3333333333333333
2_128_u,1,you building a post office?,you're building a post office?,0.2
2_129_u,1,what are these? claws?,there you are. what are these claws?,1.0
2_13_u,0,"all right, let's do it.",where let's do it? come on! okay.,1.2
2_131_u,0,i really don't wanna sit with allen iverson over there .,i really don't want to sit with aaron iverson over there.,0.45454545454545453
2_134_u,0,paper cut!,a-a-a paper cup!,1.0
2_135_u,1,"no, she i supset because jimmy swaager can't cover his motel bill","no, vlad, she's upset because jimmy swagger can't cover his motel bill.",0.4166666666666667
2_137_u,0,"okay, but if he asks, i am not going to lie.","okay, but if he asks, i'm not going to one.",0.2727272727272727
2_140_u,1,sarcastic? us? nooo.,"so, cachestick, ois, nooooo!",1.3333333333333333
2_141_u,1,we think it was trying to spell out monkey.,we think he was trying to spell out monkey.,0.1111111111111111
2_144_u,1,lords of arabia,lawrence of arabia.,0.6666666666666666
2_146_u,0,"so ross, how umm, how did it go with bonnie?","so, ross, how did it go with bonnie?",0.3
2_147_u,0,"well, we're trying to find someone to perform our wedding and they're all either boring or annoying or y'know, can't stop staring at the ladies.","well, we're trying to find someone to perform our wedding, and they're all either boring or annoying or, you know, can't stop staring at the ladies.",0.16
2_148_u,1,"hey, that's joincidence with a c","hey, that's joe incinence with a c.",0.5
2_149_u,0,thank you.,thank you.,0.0
2_15_u,1,i'm sorry man there is never a good time to have to .. stop catching on fire.,"who? i'm sorry, man. there's never a good time to have to stop catching on fire.",0.35294117647058826
2_150_u,0,"take your shirt off, and let's see what we're dealing with here. what are you doing?",take a shirt off and let's see what we're dealing with here. what are you doing?,0.125
2_151_u,1,"yeah, i mean, it would be rude to them for us to leave now.","yeah, i mean to be roomed to them for us to leave now.",0.2857142857142857
2_152_u,1,your makeup?,you make up.,1.5
2_154_u,0,"okay, does this look like a garbage can to you?","look, okay, does this look like a garbage can to you? no.",0.2
2_155_u,1,great! now we can do laundry all night. all night laundry!,"great, now it can do laundry all night, all night laundry!",0.2727272727272727
2_158_u,1,a bucket of chicked. i hope you like it extra flat and crispy,a bucket of chicken. i hope you like it extra flat and crispy.,0.15384615384615385
2_160_u,0,"because his penis was too big. i am sorry, thatõs the kind of thing i do.","because his penis was too big. oh sorry, that's the kind of thing i do.",0.1875
2_161_u,1,i can see it from right here. it'll cost you one husband.,i can see from right here. it'll cost you one husband.,0.08333333333333333
2_162_u,0,"ow, ow, ow, ow, leg cramp, leg cramp, leg cramp.","ow! ow, ow, ow, that's so bad…",0.7
2_163_u,1,"oh boy, i just can't watch. it's too scary!",what i just can't watch is just scary,0.6666666666666666
2_166_u,0,but i'm the host!,but i'm the host.,0.25
2_168_u,1,did i wake you?,"oh, did i wake you?",0.25
2_169_u,1,"hes not right for the part, and if i suggest him my bosses are going to think i am an idiot. and thatõs something they should learn on their own.","he's not right for the part, so if i suggest my bosses are going to think i'm an idiot, and that's something they should learn on their own.",0.23333333333333334
2_170_u,1,the british are coming?,the british are coming.,0.25
2_171_u,0,what is the matter with your face?!,what is the matter with your face?,0.14285714285714285
2_172_u,1,the whole thing! can we go?,the whole thing! here we go!,0.3333333333333333
2_173_u,0,we- we had our first fight this morning.,we kind of first fight this morning.,0.375
2_174_u,1,oh! satan's minions at work again?,"well, satan's minions had worked again.",0.6666666666666666
2_176_u,0,i'm the ruptured spleen.,"on the russian tulleens, nah. -""ugh.""",1.25
2_177_u,1,i can show you an id if you want?,i can show you an idea if you want.,0.2222222222222222
2_178_u,1,"this is so good, that i am gonna enjoy it in the balcony. i can enjoy my view, whilst i enjoy my desert.","yeah, this is so good that i'm gonna go enjoy it on the balcony. so if i can enjoy the view, whilst i enjoy my dessert.",0.43478260869565216
2_180_u,0,that oughta do it.,and i want to do it.,1.0
2_181_u,0,yeah! look!,"yeah, look.",1.0
2_182_u,1,the liberarche marquee at caesar's palace,the liver rochie marquee at caesar's palace.,0.5
2_183_u,1,"no, rabies.","shima? no, rabies.",0.5
2_186_u,1,"excellent hole, joe.","excellent hold, joe.",0.3333333333333333
2_187_u,1,that's so funny because you look more like joey tribbiani man slash woman.,and so funny because i was thinking you look more like joe trip you know he man slash woman,0.7692307692307693
2_188_u,0,you had no relationship!!,you can't know relationships.,0.75
2_189_u,1,"yeah okay, i was just talking to the guys. just look at them i mean, is it okay if they come visit?","yeah, okay, i'm just talking to the guys. look at them, i mean. is it okay if they come visit?",0.2727272727272727
2_190_u,1,well scott i am sure we are all really really looking forward to hear your story.,"well, school, i'm sure, but all really, really looking forward to hearing this.",0.6875
2_191_u,0,"so, you're just bing?",so you're just bing?,0.25
2_193_u,0,"yeah, a slice of cheesecake and-and a date if you're given' 'em out.",i'll have a slice of cheesecake and a date if you're giving them out.,0.38461538461538464
2_194_u,0,"and it came out, ""squatternut buash?""","and he came out, squatter nut barge.",0.6666666666666666
2_196_u,0,what?,what?,0.0
2_197_u,1,ah your own brand of vigilante justice.,"no, we took it a lunch. ah, your own brand of vigilante justice.",1.0
2_198_u,0,"yeah, she's fired.","yeah, she's fine.",0.3333333333333333
2_2_u,1,"thatõs a good one too pheebs, now all that i have to do is find a plane load of people whose resolution is to plummet to their deaths","that's a good one too, feeves. now all you have to do is find a planeload of people whose resolution is to plummet to their deaths.",0.2857142857142857
2_20_u,0,my duties? all right.,my duties. alright.,0.75
2_202_u,0,yeah?,yeah.,1.0
2_203_u,0,it's not funny!,it's not funny,0.3333333333333333
2_204_u,1,"oh oh, i am convinced!","just do it. oh, i'm convinced.",1.2
2_205_u,0,"i did not mean to touch that,i mean","oh god, i'm sorry, did not me to touch that. i mean you.",1.0
2_206_u,1,a tshirt that says - i don't belong here.,"a t-shirt that says, i don't belong here.",0.3333333333333333
2_208_u,0,it's that whole sensitive thing.,the whole sensitive thing.,0.4
2_209_u,1,really?,really?,0.0
2_210_u,0,when are you coming home?,when are you coming home?,0.0
2_213_u,0,"wait, wait, chandler, this is what you're havin' for thanksgiving dinner?","but, the channel, and this is what you're having for thanksgiving dinner.",0.5454545454545454
2_217_u,0,ohhh!!!!,yes.,1.0
2_218_u,0,"hey, does somebody wanna hand me one of those tiles.","hey, somebody want to hand me one of those tiles?",0.4
2_221_u,0,see joe that's why your parents told you not to jump on your bed!,"oh my god. see, joke, that's why your parents told you not to jump on the bed.",0.5
2_222_u,1,"the little man who lives in there, who turns the light on and off will tell you.",oh god! the little man who lives in there who turns the light on an awful tone.,0.47058823529411764
2_223_u,1,"i guess he wants to do a little dance, you know, make a little love. well pretty much get down to that.","well, i'm guessing you want us to do a little dance. you know, i'll make a little love. well, pretty much get down tonight.",0.5
2_225_u,0,"i don't know, something girlie.","i don't know, something girly.",0.2
2_226_u,1,"these people find out that a spelling game is going over there, there will be nobody left at our party.","but, joe, these people find out they're playing spelling games over there and they'll be nobody left at our party.",0.5
2_227_u,1,you sure he is going to be able to crack that code?,be sure he's going to be able to crack that code.,0.3333333333333333
2_228_u,0,then we went to this bar and he hooked us up with all these women!,then we went out to this bar and he hooked us up with all these women.,0.13333333333333333
2_230_u,0,"okay, janice. janice. you gotta give me janice. that wasn't about being picky.","okay, janice. janice, you gotta get me janice. that wasn't about being picky.",0.15384615384615385
2_231_u,0,"no, no, no, it's flattery.","no, no, no, it's flattering.",0.2
2_232_u,0,"well, umm, my mom's friend, phoebe, is actually my birth mom.",mom's friend phoebe is actually my birth mom.,0.45454545454545453
2_234_u,0,"see, there you go, the cleansing works!",there you go. the cleansing works. you're right.,0.7142857142857143
2_235_u,0,you can't make this stuff up!,you can't make this stuff up.,0.16666666666666666
2_236_u,1,"gee, if only she were one and had no idea what a birthday was.","birthday. gee, if only she were one and had no idea what the hell a birthday was.",0.21428571428571427
2_24_u,1,"uh, okay. the fifth dentist caved and now they're all recommending trident?","okay, the fifth dan is caved, now they're all recommending tried it.",0.5833333333333334
2_240_u,0,no!,i'm not mad at us anymore. don't!,7.0
2_241_u,1,"oh i do. oh no, wait a minute, i took it out of my shirt when i put it on this morning.","anybody got a coat hanger? well, i do. oh, no. wait a minute. i took it out of my shirt when i put it on this morning.",0.4090909090909091
2_242_u,1,are you still enjoying your nap?,are you still enjoying your nap?,0.0
2_243_u,0,"look i never should have kissed your girlfriend, but i'm","look, i never should have kissed your girlfriend, and i'm...",0.3
2_245_u,0,"well ah, i've been doing a lot of thinking, and i look at my life",i've been doing a lot of thinking. and i look at my life. yeah.,0.3333333333333333
2_246_u,1,"well, it will probably slow me down at first. but once i am used to the extra weight, i ll get back on track.","well, it'll probably slow it down at first, but once i get used to the extra weight, i'll be back on track.",0.3333333333333333
2_247_u,1,uh yes! thank you.,"yes, thank you.",0.5
2_248_u,1,"i mean, you and i we're just, y'know, we're nothing, we're goofin' around.","and i am so, so fine. i mean, you and i were just, you know, we're not...",0.9230769230769231
2_250_u,1,"oh, you say someone's name enough, they turn around.","oh, you say someone's name in it? they turn around.",0.2222222222222222
2_251_u,0,no!! you have been screwing us all day!,"no, you have been screwing us all day. no.",0.375
2_253_u,0,yeah!,phoebe? yeah!,1.0
2_254_u,1,"yeah. yeah, that's what you need a good .. pill.","yeah, yeah, that's what you need. a good pill.",0.3
2_255_u,1,it's a musical rose,it's a musical rose.,0.25
2_257_u,0,"oh, hey, look, i found coffee! okay, let's skedaddle.",hey look i found coffee,0.7777777777777778
2_258_u,1,"i am telling you, when she leaned back, i could see her brain","they were huge. they just sneezed, bats flew out of them. come on, they were not that huge. i'm telling you, she leaned back, i could see her brain.",1.6153846153846154
2_259_u,0,"i wasn't by myself. i had a doctor, a nurse, and a helper guy. so, did you see who won the game?","it wasn't by myself. i had a doctor, a nurse, and a helper guy. so, did you see who won the game?",0.045454545454545456
2_260_u,1,"okay, are you aware unagi is an eel?","okay, are you aware that nagi is an eel?",0.25
2_261_u,0,"oh, no, no. i just meant hypothetically.","oh no, no, no, i just meant hypersonic.",0.5714285714285714
2_263_u,0,wow! imagine what our kids would look like!,"wow, imagine what our kids would look like.",0.25
2_264_u,0,okay?,okay.,1.0
2_267_u,0,really!?,really? yeah!,2.0
2_268_u,0,"a lonely grey couch. "" o look "" cried ned. and then the kingdom was his. the end.","a lonely grey couch. oh look, cried ned. and then the kingdom was his forever, the end.",0.3333333333333333
2_27_u,0,"no no, you don't have to fly back, really.","no, no, you don't have to fly back, really.",0.1111111111111111
2_270_u,0,hey.,hey!,1.0
2_271_u,1,sarcasm? noo.,"is he pretty lenent at least? no. ah, yes.",4.5
2_272_u,0,weā€™re not peeking?,we're not peaking.,0.6666666666666666
2_278_u,0,: yeah.,good luck. yeah.,1.0
2_279_u,1,sounds like she has got the whole package!,sounds like she's got the whole package.,0.375
2_28_u,0,"carol called me to thank me for the lasagna, i asked, she told me.",carol called me to thank me for the lasagna. i asked you to tell me.,0.35714285714285715
2_280_u,1,"joey ate my last stick of gum, so i killed him. do you think that was wrong?","where's joey? joey ate my last stick of gum, so i killed him. you think that was wrong?",0.17647058823529413
2_281_u,1,"ofcourse no ma, i am referring to carrey grant, he is living in the broom closet.","of course not, ma. i'm referring to carrie grant. he's living in the broom closet.",0.5625
2_282_u,1,what-wh-what so we'll just stay married forever?,"so, we just stayed married forever.",0.7142857142857143
2_283_u,1,dee. the sarcastic sister from what's happening.,"d, the sarcastic sister from what's happened.",0.2857142857142857
2_284_u,0,what? why?,what? why?,0.0
2_286_u,1,"and sometimes i would want you to steal third, and i'll go like this.",but sometimes i'll want you to steal third and i'll go like this.,0.2857142857142857
2_287_u,1,"oh i am sorry, do you need a break?","oh, sorry. do you need a break?",0.4444444444444444
2_288_u,1,maybe he was nervous.,"well, maybe he was nervous.",0.25
2_289_u,1,"nooo! no, that's not true. no, best time ever! yeah, you rocked my world!","no. well, that's not true. no, best time ever. yeah. you rock my world.",0.42857142857142855
2_29_u,0,it was like months ago.,it was like months ago.,0.0
2_291_u,0,"umm, would you please excuse me for a moment?",would you please excuse me for a moment?,0.1111111111111111
2_292_u,1,"no, she is going to sit here where itõs a 112 degrees and eat enchiladas.","no, she's gonna sit here where it's 112 degrees and eat enchiladas.",0.4
2_293_u,0,no,you haven't seen me? no.,5.0
2_294_u,1,"oh, um, i don't care!",i don't care.,0.6
2_295_u,0,nobody sees the king!,nobody sees the king.,0.25
2_297_u,1,"i am sorry, it was a one time thing. i was very drunk and it was someone else's subconscious","sex and her dream. i'm sorry, it was a one-time thing. i was very drunk and it was someone else's subconscious.",0.42105263157894735
2_299_u,0,what would you give to a kid if he wanted a ticket to play with?,okay. what would you give to a kid if you wanted to take it to play with?,0.3333333333333333
2_3_u,1,and i think my testicles may be in here too,and i think my testicles may be in here too.,0.1
2_30_u,0,so how'd it go?,so how to go?,0.5
2_300_u,0,i don't think you could ever do that.,could walk around in women's underwear. i don't think you could ever do that.,0.75
2_301_u,0,"hey, do you know a six-letter word for red?","hey, do you know a six letter word for red?",0.2222222222222222
2_302_u,0,i know but it's so hard! nothing rhymes with your stupid name!,"i know, but it's so hard. nothing minds you, your stupid name.",0.4166666666666667
2_303_u,1,no thanks josephine!,"no thanks, josephine.",0.6666666666666666
2_305_u,0,take a couple deep breaths.,do you have any breath?,1.0
2_306_u,1,"no, no no, i just mediate the gorup. i just give up every tuesday of my life to help these screwups for the good of my health","no, no, no, no, i just help mediate the group. okay. yeah, i just get up every tuesday night in my life to help these screw-ups for the good of my health. bye, all right.",0.5185185185185185
2_31_u,1,"even if people are on it!""",even if people are on it.,0.16666666666666666
2_310_u,1,well thank god your livelihood doesn't depend on it.,"well, thank god your livelihood doesn't depend on you.",0.2222222222222222
2_312_u,1,sarcasm? at a sarcasmoholics meeting?,"sarcasm, sarcasm, oh it's me.",1.0
2_313_u,1,"oh sure, go with the sissy.",i'm not sure i'll go with the sissy.,0.6666666666666666
2_314_u,0,am i out of control?,my out of control.,0.6
2_315_u,1,"i guess you'd know that, being one of the two of us, though, right?",i guess you'd know that being one of the two of us.,0.2857142857142857
2_316_u,0,"yeah, i'm fine.","yeah, fine.",0.3333333333333333
2_317_u,0,"ah, oh, hang on a second. come in, come in. all right, so think about it, and call me back.","hang on a second. come in, come in. alright, so think about it and call me back.",0.25
2_318_u,1,was it not pain-free?,is it not pain-free?,0.25
2_319_u,0,no.,no.,0.0
2_322_u,0,"hey, my father's house does that.","oh, my father's house does that.",0.16666666666666666
2_323_u,1,that monkey has got a ross on its ass!,"okay, that monkey's got a ross on his ass.",0.5555555555555556
2_326_u,0,stick to the list.,stick to the list.,0.0
2_33_u,0,"this-this, no, oh no, no-no-no, this is not,that's-that's not what it is.","what? there's no old girl. no, no, no, no, that's not what it is.",0.75
2_334_u,0,"when they're hungry enough, they'll come in.",when they're hungry enough they'll come in.,0.14285714285714285
2_337_u,0,"uh, listen, i need that broiling pan that joey borrowed the other day.",i need that broiling pan that joy board the other day.,0.3076923076923077
2_338_u,1,and i am sure every person here really really wants you to join our group.,"and i'm sure every person here really, really want you to join our group.",0.26666666666666666
2_339_u,0,thank you.,thank you,0.5
2_34_u,1,is it me or the greetings gone downhill around here?,is it me here of the greetings gone downhill around here?,0.2
2_340_u,0,oh! oop!,feeds. oh!,1.0
2_341_u,1,"well, i'd gotten judy pregnant. i still don't know how that happened.","well, i got in judy pregnant. laughter i still don't know how that happened.",0.3333333333333333
2_342_u,1,"in what blanche, dog years?",then what blanch? dog ears?,0.6
2_343_u,0,"so to sum up, i'm professor geller.","so to sum up, black professor delaide.",0.2857142857142857
2_344_u,1,a hand puppet rose.,a hand puppet rose.,0.0
2_345_u,1,oh i left them in my bulldozer .. i don't have tools!,"oh, i left them on my bulldozer. laughter i don't have tools.",0.4166666666666667
2_347_u,0,well what are you gonna do when he finds out he wasn't even asked?!,what do you want to do when he finds out he wasn't even asked?,0.35714285714285715
2_35_u,0,oh no donõt go. i have scared you. i have said too much. i am hopeless and awkward and desperate for love.,"hold on, ilgo. i've scared you. i've said too much. i'm hopeless and awkward and desperate for love.",0.45454545454545453
2_350_u,1,"no rose, i am nervous because sonny bono gets elected mayor of palm springs, he is gonna make all the postmens wear leather bell bottoms and a fur vest.","no, rose. i'm nervous because if sonny bono gets elected mayor of palm springs, he's gonna make all the postman wear leather bell bottoms on a fur vest.",0.3103448275862069
2_351_u,1,"no rose, she is depressed because marvel had manners on only once a week","no rose, she's depressed because marble head manor is only on once a week.",0.5714285714285714
2_352_u,1,"no rose, it stands alone.","no rose, it stands along.",0.2
2_353_u,0,"nothing. it's just old and dingy, that's all.","nothing, it's just old and dingy, that's all.",0.125
2_356_u,0,yeah.,yeah.,0.0
2_357_u,1,"stating the obvious, but thank you. and it's not weird is it.","stating the obvious, but thank you. and it's not weird, is it? no.",0.25
2_358_u,0,"i do not always have to be,okay, okay.","i do not always have, okay.",0.375
2_359_u,1,"you know once you are inside, you don't have to knock anymore.",you know what's here inside? you don't have to knock anything.,0.4166666666666667
2_36_u,0,"the big deal is i don't want naked, greasy strangers in my apartment when i want to kick back with a puzzle,beer! cold beer.","the big deal is i don't want naked greasy strangers in my apartment when i want to kick back with a puzzle. beer, cold beer.",0.125
2_361_u,1,nooo,"no, no, no",3.0
2_365_u,0,"nope. op, wait! there he goes.","wait, there he goes.",0.5
2_367_u,0,"well, don't 'cha wanna?",don't you wanna?,0.5
2_369_u,1,"i just have to do one thing, really quickly, its not a big thing ... get up||",i just have to do one thing really quickly. it's not a big deal. get up!,0.35294117647058826
2_370_u,1,you have to stop the q-tip when there is resistance,"okay, you have to stop the q-tip when there's resistance.",0.4
2_371_u,0,i-i'm really sorry. it's just that i,really sorry just,0.7142857142857143
2_372_u,1,actually i yesterday i was smoking again. today i am smoking still.,"today i was smoking again, today i'm smoking still.",0.5
2_373_u,1,i was making a coconut phone with a professor.,i was making a coconut phone with the professor.,0.1111111111111111
2_374_u,1,janice? janice?,son of a bitch. janice. he hates if i lie to you. there wouldn't last forever if you're mistaken i'll skate for it.,11.5
2_375_u,0,i was thkinking about maybe going into the robot.,that's up again. i was thinking about maybe going into the roll.,0.5555555555555556
2_376_u,1,me? i am gonna die alone!,meet. i'm gonna die alone.,0.6666666666666666
2_377_u,1,yeah either that or gloria estefan was right eventually the rhythm is going to get you,"yeah, you know that a glorious tofon was right eventually the rhythm is going to get you",0.375
2_378_u,1,"no blanche, with a venus fly trap",no blanche with a venus fly travel.,0.2857142857142857
2_38_u,0,it's not a real game! i made it up!,"it's not a real game, i made it up.",0.2222222222222222
2_380_u,0,oh just like give a minute to wake up for this ... ha ha! you lost the ring. you are the worst best man ever!,"okay, just like, give me a minute to wake up for this. ha! you lost the ring! you're the worst best man ever!",0.36
2_381_u,1,noo..,no!,1.0
2_385_u,0,"no, i know, but i,he just went on.",but he just went on.,0.5
2_387_u,0,"yes, i know, but her friend sounds like such a...","i know, but her friend sounds like such a pathetic mess. i know of it.",0.8
2_388_u,0,"yeah, she couldn't live without the chan love.","yeah, she couldn't live without the channel.",0.25
2_389_u,1,huh! whats dufus speled backwards?,"huh, what's dufus spell backwards?",0.6
2_39_u,1,"oh hurry up, i want to sign that.","oh hurry up, i want to sign that.",0.0
2_390_u,1,"no, i am depressed becaues phillis george left the morning news.","no, i'm depressed because phyllis george left the morning good",0.45454545454545453
2_392_u,1,ah you see perfect might be a problem. had you said co-dependent or self-destructive.,thought you see perfect might be a problem. had you said codependent or self-destructed?,0.21428571428571427
2_393_u,0,pheebs?,febes.,1.0
2_397_u,0,you still love me?,you still love me?,0.0
2_398_u,1,"rose, you should sit here and watch her hack herself to death",you should sit here and watch her hack herself today.,0.25
2_400_u,0,"anyway, i should go, one of the lifeguards was just about to dismantle a nuclear device.","anyway, i should go one of the lifeguards was just about the dismantle of nuclear device",0.25
2_405_u,0,i'm supposed to teach a graduate seminar there in ten minutes.,i'm supposed to teach a graduate seminar there were ten minutes,0.18181818181818182
2_406_u,1,for what? for letting you throw me out of your office?,for what? for letting you throw me out of your office?,0.0
2_407_u,0,hey!,bye!,1.0
2_408_u,1,"okay, but if you are not coming back soon, there is pretty much nothing i can do about it","okay, but if you don't come back soon, there's pretty much nothing i can do about it.",0.3157894736842105
2_409_u,0,i'll catch you guys later.,i'll catch you guys later.,0.0
2_410_u,1,if you wanna put a label on it.,if you want to put a label on it.,0.25
2_413_u,0,some guy bought it. i'm sorry. i tired to stop it but they put me in jail!,"some guy bought it. i'm sorry. i tried to stop it, but they put me in jail.",0.17647058823529413
2_415_u,0,"chloe, switch with me, there's some guys here that got a crush on you.",chloe switched with me. there's some guys here who got a crush on you.,0.2857142857142857
2_416_u,1,were you so late because you were burying this woman?,were you so late because you were burying this woman?,0.0
2_419_u,0,uh-huh!,i'm hurt.,2.0
2_42_u,0,"look, please, please don't go anywhere, okay?","look, please, please don't go anywhere, okay?",0.0
2_420_u,1,"no you are not chandler, we still love you chandler","no, you're not chandler. we still love you chandler.",0.5
2_421_u,1,joey's got a really bad hernia but its nothing that a laser eye surgery wont fix,"well, joey's got a really bad hernia, but it's nothing that a little laser eye surgery won't face.",0.375
2_422_u,0,"well, i like it. here you go.",why why? here you go.,0.5714285714285714
2_423_u,1,like i have nothing better to do!,"like, i have nothing better to do.",0.2857142857142857
2_425_u,0,and did he?,and did he? i'm a lady-mana. go to kiss and tells.,2.6666666666666665
2_426_u,0,"are you kidding? i love that guy! morning's here! morning is here,","are you kidding? i love that guy. morning here, boy.",0.4166666666666667
2_427_u,0,"oh-oh, that's a risky little game!","oh, that's a risky little game.",0.3333333333333333
2_428_u,0,his legs flail about as if independent from his body,"guys, it's legsflale about as if independent from his point. laughter gentlemen, your pick.",0.8
2_429_u,1,"i really, really enjoyed it. very exotic.","really, really, it's really, it's really, it's very exotic.",0.8571428571428571
2_43_u,1,"well, y'know i'm 29. i mean who needs a savings account.","i'm 29. i mean, who needs a savings account?",0.36363636363636365
2_430_u,1,i guess you would know that or else we would be in a predicament room,i guess you know that we've been in the predicament room.,0.5333333333333333
2_431_u,0,i'm never gonna get to meet her anyway.,i'm never gonna get to meet her anyway. why?,0.125
2_433_u,1,i was saying the actual words,"yes, and i was saying the actual words.",0.5
2_434_u,1,we can? ok i am trying that.,"we can, alright, i'm trying that.",0.5714285714285714
2_435_u,0,"me too! there's a game on tuesday, do you wanna go?",me too. does the game on tuesday? you want to go...,0.7272727272727273
2_437_u,0,"oh yeah. first off all, chasing the churo guy isn't jogging.","okay, first of all, chasing the churro guy is not jogging.",0.5454545454545454
2_438_u,1,really? struck down in the prime of life.,really? struck down in the pry-by-blive.,0.375
2_439_u,0,"twenty-one hours, you're a hero.","21 hours, you're a hero.",0.2
2_44_u,0,"whoa, maybe i was!","whoa, maybe i was.",0.25
2_440_u,1,"no its not big, not at all. kind of the same lines as, i don't know, having a third nipple!","oh, it's not big. not at all. you know, kind of the same lines as, say, oh, i don't know. having a third nipple? whoa!",0.5
2_441_u,0,"he's right, even if it's to say something complementary.","he's right, even if it's to say something complementary.",0.0
2_442_u,1,no itõs the rose in the kitchen thing.,"no, it's the rose in the kitchen thing.",0.25
2_443_u,1,"dear god, this parachute is a knapsack","dear god, this parachute is a knapsack! i'm not sure.",0.5714285714285714
2_444_u,0,"ross-ross, you have no idea what this means to me!","ross, you have no idea what this means to me.",0.2
2_445_u,0,okay?,okay.,1.0
2_446_u,0,"i'd love to show ya, but i just tucked her in.",i'd love to show you but i just talked to the range.,0.45454545454545453
2_447_u,1,it was an accident. not like i was across the street with a telescope and a box of donuts.,her boobies. it was an accident. not like i was across the street with a telescope and a box at donuts.,0.15789473684210525
2_448_u,0,do you still wanna call 'em? i wanna call 'em.,"this time, colin, i would've called him. what's colin?",1.0
2_449_u,1,"oh no, now its not gonna make any sense","oh, no, now it's not going to make any sense.",0.5555555555555556
2_45_u,1,"oh ma no, it was a little girl selling girl scout toilets.","oh my, no, it was a little girl selling girl scout toilets.",0.08333333333333333
2_450_u,1,if only there was something in your head to control the things you say.,only there was something in your head to control the things you say.,0.07142857142857142
2_454_u,0,"ross umm, there's something that i've got to tell you, there's-there's someone else.","of course, there's something that i've got to tell you. there's someone else.",0.3076923076923077
2_456_u,1,and you are gonna make them all disappear.,and you're gonna make them all disappear.,0.25
2_457_u,1,"yes, we all know how cruel a parent can be, about the flatness of a child's pillow.","yes, we all know how cruel a parent can be about the flatness of a child's pillow.",0.058823529411764705
2_458_u,0,what are you up too?,what do you have to...,0.6
2_461_u,1,"wow you look just like your son, mrs. tribbiani","wow, you look just like your son, mrs. tribionny.",0.2222222222222222
2_462_u,1,"no rose, at a pie eating contest.",no rose at a pie eating contest.,0.14285714285714285
2_463_u,0,ok!,okay.,1.0
2_464_u,1,"oh, uh, no thanks. i just had an m&m.","oh, no thanks, i just had an eminem.",0.3333333333333333
2_465_u,1,"no rose, that you should do.",no rose that you should do.,0.16666666666666666
2_467_u,0,that is the coast guard!,that is the coast guard.,0.2
2_471_u,1,amazing.,amazing,1.0
2_472_u,0,and i just won a million dollars!,and i just want a million dollars!,0.14285714285714285
2_473_u,0,i'm the supply manager.,on the supply manager.,0.25
2_474_u,1,lovely,lovely!,1.0
2_475_u,1,"oh yeah ok, including the waffles last week, you now owe me, seventeen zillion dollars.",oh yeah right okay including the waffles last week you now owe me 17,0.4666666666666667
2_477_u,0,"and then and then you clicked it again, she's dressed. she is a business woman, she is walking down the street and oh oh oh she's naked.",and then you click it again and she's dressed. she's a business woman. she's walking down the street. she's window shopping and all of her jeez is naked.,0.7037037037037037
2_478_u,1,"oh, wait a minute, i have no one.","no. oh, no, wait a minute. i have no one.",0.375
2_479_u,1,no i am worried she might be phir resuda's,"no, i'm worried she might be full resuggest.",0.5555555555555556
2_48_u,0,"thanks, but i kinda have a problem to deal with here.","thanks, but i can't have a problem to deal with it. no, sweetie, you've got to win over the guy who controls cheese. you've got to go back there and kiss some serious robot ass.",2.3636363636363638
2_481_u,0,all right.,all right.,0.0
2_482_u,0,"y'know you, you just stop being such a wuss and get those off and you come with us and watch naked girls dance around!!","you know, you're stopping such a lesson. get those off, and you come with us and watch naked girls dance around.",0.375
2_484_u,1,yes yes it is! in prison!!,"yes, it is. in prison.",0.6666666666666666
2_485_u,1,you got off to a really good start with the group.,you've got to have a really good start with the group.,0.2727272727272727
2_486_u,0,"anyway, they want to take us out saturday night! what do you say?","anyway, they want to take us out saturday night. what do you say?",0.07692307692307693
2_487_u,1,"and hornswoggle? what? are you dating a character from ""fraggle rock""? ahh.","and horn swagger, what are you dating a character from fragile rock? ah!",0.5
2_488_u,0,"just a sec, give me a minute to wake up for this,ah-ha-ha!!",give me a minute to wake up for this. ah! ah!,0.5
2_489_u,1,"no, its because i cannot make any sense of those commercials for obsession.","no, it's because i can't make any sense out of those commercials for obsession.",0.23076923076923078
2_49_u,0,we got a box.,we got a box.,0.0
2_490_u,1,"maybe it's a contest, you know? like ""collect all five"".","maybe it's a contest, you know, like collect all five?",0.3
2_491_u,1,"let me think! let me think! oh, i don't care.","let me think, let me think. oh, i don't care.",0.2
2_492_u,1,"i'm sorry sophia, but in dorothy's defence, it sure sounds a lot like her.","i'm sorry sophia, but in dorothy's defense, it sure does sound a lot like her.",0.21428571428571427
2_493_u,1,did you tell her about the magical night that starts with the flush of every toilet?,did you tell her about the magical ride that starts with the flush of every toilet?,0.0625
2_494_u,1,but younger than some buildings!,but younger than some buildings.,0.2
2_495_u,0,"okay, you guys, just relax. i doooo.","okay, guys, just relax. i do! i gotta go.",0.7142857142857143
2_498_u,1,"uh, so how many cameras are actually on you.","huh, so how many cameras are actually on you?",0.2222222222222222
2_499_u,0,the end.,the end.,0.0
2_50_u,1,"nope, that patch is no good.","nope. nope, that patch is no good.",0.16666666666666666
2_500_u,1,oh my god i love that! - really? - no!,"oh my god, i love that! really? no.",0.4
2_502_u,1,i'm worried about whether michael jackson will be able to buy the remains of the elephant man.,i'm worried about whether michael jackson will be able to buy the remains of the elephant man.,0.0
2_504_u,1,"all right, okay, well, apparently not!","okay, well apparently no-",0.6666666666666666
2_505_u,1,to feed the cat rose.,"to feed the cat, bro!",0.4
2_506_u,0,"oh my god!! ohh, that is it! i'm leaving! you are just a horrible person!","oh my god. oh, that is it. i'm leaving. you are just a horrible person. no, no, no, no, no, wait, wait, wait, wait, wait, wait, wait.",1.1333333333333333
2_507_u,1,"no, i haven't taken her out of the trunk of the car yet.","does she hear? no, i haven't taken her out of the trunk of the car yet.",0.23076923076923078
2_508_u,1,"yes, the doctor's say if they remove it, he will die!","yes, the doctors say if they remove it, he'll die.",0.36363636363636365
2_509_u,1,crazy bitch!,crazy bitch,0.5
2_51_u,0,"well, i believe the piece of furniture was fine until your little breakfast adventure with angela delvecchio",until your little breakfast adventure with angela del vecchio.,0.6470588235294118
2_511_u,1,"you said you spent all that money because those boots go with skirts, dresses and pants. what do you plan on wearing? a chicken suit?","you said that you paid all that money because those boots go with skirts, dresses, and pants. what are you planning on wearing? a chicken suit?",0.2
2_512_u,1,because it wears a little sunbrella rose.,because it wears a little sunbrain.,0.2857142857142857
2_514_u,0,what's going on?! that's what's going on!!,what's going on? that i'll tell you what's going on,0.8571428571428571
2_517_u,0,yeah?,yeah.,1.0
2_518_u,1,oh tons. i am quite the woodsman.,"oh, tons, i'm quite the woodsman.",0.5714285714285714
2_521_u,0,uh-huh!,isn't something else on there though,6.0
2_522_u,0,yes it is.,"yes, it is.",0.3333333333333333
2_523_u,1,"well, i'm a headhunter. i hook up out of work soviet scientists with rogue third-world nations. hi rasputin!","how about you, jellor? well, joy, i'm a headhunter. i hook up out of work soviet scientists with rogue third world nations. hi, rasputin. excellent.",0.5555555555555556
2_524_u,1,"yes and we are ""very"" excited about it.","my new furniture. yes, and we're very excited about it. excellent, thanks.",1.125
2_525_u,0,"y'know what i mean, like dubbies?","you know what i mean? like, doobies?",0.8333333333333334
2_526_u,0,"ah well, this is the living room.","this is going to come fast, lewis.",1.0
2_527_u,1,we thought you were just here for the company. he is a sarcasmoholic stewart.,"i thought you were just here for the company. he's a sarcasm of hauling, sure.",0.5
2_53_u,0,you're gonna have to tell me how you did that.,and you're gonna have to tell me how you did that.,0.1
2_530_u,0,"uh, i'm gonna kill myself!",i'm gonna kill myself.,0.4
2_531_u,0,"yeah well that's because uh .. i stayed in my room. yeah, you don't want to look in my hamper.","yeah, well that's because i stayed in my room. yeah, you don't wanna look at my hamper.",0.3
2_532_u,1,"the jamestown colony of virginia. you see king george is giving us the land, so.","james town colony of virginia. you see king george is giving us the land, so...",0.2
2_534_u,0,"oh, come on!","oh, come on!",0.0
2_535_u,0,"so, i'm sorry i just don't think we should go away together yet.","so i'm sorry, i just don't think we should go away together yet.",0.15384615384615385
2_536_u,0,what a baby.,for a baby.,0.3333333333333333
2_537_u,0,what did you want to show us? because all i can see is this bitchin van,what do you want to show us? because all i can say is this... pitchin' bam!,0.3125
2_54_u,1,"that's easy for you to say, you weren't almost just killed.",that's easy for you to say. you weren't almost just killed.,0.09090909090909091
2_540_u,0,okay?,okay.,1.0
2_541_u,1,oh yeah right. and what would my opening line be? excuse me,"oh, yeah, right. what would my opening line be? excuse me.",0.3333333333333333
2_542_u,1,"uh, rachel's here, so good luck man, let me know how it works out.","rachel's here, so good luck, man. let me know how it works out.",0.21428571428571427
2_546_u,1,"oh sure, she was probably up all night excited about the party she knows is happening.","oh sure, she was probably up all night excited about the party she knows is happening.",0.0
2_547_u,0,"okay, now much have you won so far?","okay, now how much of you won so far?",0.25
2_548_u,1,"almost! but first, we gotta start.","almost, but first we got to start.",0.6666666666666666
2_549_u,0,really?,really?,0.0
2_55_u,0,"oh hey, great, you're up. rachel, this is my sister krista. krista, this is rachel.","rachel's, mr. christach, christach.",1.0
2_550_u,1,all right i'll have one.,i'm a reworked.,1.0
2_552_u,0,danger,thank you!,2.0
2_553_u,0,"no just, nobody press on my stomach.","no, just nobody pressed on my staff mic.",0.7142857142857143
2_555_u,0,hey! it's starting to snow.,"hey, starting to snow.",0.4
2_556_u,1,"joey if i go first, i want to be looking for my keys","joey, if i go first, i want to be looking for my keys.",0.15384615384615385
2_557_u,0,"oh my god, wh-what happened?","oh my god, what happened?",0.2
2_558_u,1,i can see it from right here. it'll cost you one husband.,i can see it from right here. it'll cost you one husband.,0.0
2_559_u,0,what?!?!,what?,1.0
2_56_u,0,"uh-huh, well! but umm, still i'm-i'm mad at you.","you see? but i'm still, i'm out of you.",0.7777777777777778
2_560_u,1,so now i have to go so he'll think that i'm totally ok with seeing him!,so now i have to go so help think that i'm totally okay with seeing him.,0.1875
2_562_u,0,"look now, phoebe remember, hey, their just fulfilling their christmas....","i'll talk about the baby, remember, hey, they're just fulfilling their christmas...",0.7
2_564_u,0,"and, uh, i don't know if you got any of that, but i would really like a copy of the tape.",but i would really like a copy of the tape.,0.5238095238095238
2_567_u,1,"well yes ross, pressing my third nipple opens the delivery entrance to the magical land of narnia.","why, yes, ross, pressing my third nipple opens the delivery entrance to the magical land of narnia.",0.11764705882352941
2_569_u,0,chandler?,chandler.,1.0
2_570_u,0,"oh my god, where are all the men?","oh my god, where are all the men?",0.0
2_572_u,0,no! i'm so happy for them!,i'm so happy for them.,0.3333333333333333
2_573_u,1,"oh i see, i thought you just really really liked your new couch.","oh, i see. i thought you just really, really liked your new catch.",0.3076923076923077
2_574_u,0,you can't do anything.,you can't do anything.,0.0
2_575_u,1,why? because she can sing and play guitar and do both at the same time?,like because she can sing and play guitar and do both at the same time.,0.13333333333333333
2_576_u,0,and then for forgetting to invite you to it.,and then for forgetting to invite you to it.,0.0
2_577_u,0,"on the other hand in um, in about seven months you're gonna have something that you're gonna love more than any guy you've ever gone out with.","on the other hand, in about seven months, you're going to have something that you're going to love more than any guy you've ever gone out with.",0.2962962962962963
2_579_u,0,no!,no!,0.0
2_58_u,0,why?,bye!,1.0
2_581_u,1,"we were wondering what was taking so long with the gift, but now we understand you were doing this.","we were wondering what was taking so long with the gift, but now we understand you were doing this.",0.0
2_583_u,1,and the bunny got away!,and the bunny got away.,0.2
2_585_u,0,"you and i, we're interfacing.",and i were interfacing.,0.6
2_586_u,1,"see now that i see crying over, but bambi, is a cartoon.","i can see now that i can see crying over, but bambi is a cartoon.",0.3333333333333333
2_587_u,1,"oh yes blanche, about a half hour ago. but now i have hidden her again so you can find her.","yes, blanche, about a half hour ago. but now i've hidden her again so you can find her.",0.2
2_588_u,0,i talk to you and nothin'.,i taught you and nothing.,0.5
2_589_u,1,well why don't you check in one of my saddle bags while i chew on a bale of hay.,"well, why don't you check in one of my saddlebags? well, i chew on a bail of hay.",0.2631578947368421
2_590_u,0,"yeah, i don't think so joe.","yeah, i don't think so, joe.",0.16666666666666666
2_591_u,0,"how about stopping by new years eve with three naked women, throwing up in the pool, passing out in the punch bowl, and relieving yourself in the linen closet?","how about stopping by in new year's eve with three naked women throwing up in the pool, passing out in the punch bowl and relieving yourself in the linen closet?",0.13793103448275862
2_594_u,0,i can't believe it. can i tell you something? i'm a little mad at him now.,can't believe it. can i tell you something? i'm a little mad at him now.,0.0625
2_595_u,0,i'd miss you if i broke up with you. just trying to be supportive.,i'd miss you if i broke up with you. you're just trying to be supportive.,0.07142857142857142
2_596_u,1,noooo. really?,no! really?,0.5
2_598_u,1,"our balcony? seriously? that's so funny because i told monica we should put lights on our balcony. - and she said - ""no no, its too cold, nobody will go out there."" - i said ""maybe if we put some lights out there they will"".","our balcony? seriously? that's so funny because i told monica we should put lights on our balcony. and she said, no, no, it's too cold. nobody'll go out there. and i said, maybe if we put some lights out there, they won't.",0.3111111111111111
2_599_u,1,no i am upset because crocodin turbs are wearing darker colors.,"i don't ya. no, i'm upset because crocodon tubbs are wearing darker colors.",0.6363636363636364
2_602_u,0,no way!,no way!,0.0
2_604_u,1,"no rose, i am developing pictures from the magellan space probe",i'm developing pictures from the magellan spacefield.,0.5454545454545454
2_607_u,0,hey.,hey.,0.0
2_608_u,1,"you are right, by saying nice, i am virtually licking her.","you're right by saying nice, i'm virtually licking her.",0.45454545454545453
2_609_u,0,i just called a friend of mine.,i just call the friend of mine.,0.2857142857142857
2_611_u,1,just tell me how.,tell me now.,0.5
2_612_u,1,"i don't know rose, maybe marry poppins has an italian cousin.",sicily i don't know rose. maybe mary poppins has an italian cousin,0.36363636363636365
2_615_u,0,"hi, joey. well well, look what you brought. very nice.",joey well well look what you brought,0.6
2_617_u,1,and protected them from a tornado?,and protected them from a tornado.,0.16666666666666666
2_622_u,1,"pheebs, you may know this, you know strange things. what is the boiling point of brain?","beeps, you may know this, you know, strange things. what is the boiling point of brain?",0.125
2_623_u,1,what do you know? its a treat for the eyes and the ears.,what do you know? it's a treat for the eyes and the ears.,0.07692307692307693
2_626_u,0,"cause all i ever get to do now is pregnant stuff, it just bums me out.",because all i ever get to do now is pregnant stuff. it just funds me out.,0.1875
2_627_u,0,"whoa, whoa, whoa.","no, whoa, whoa, whoa, whoa!",1.0
2_65_u,0,it's my friends.,"it's just, it's my friend.",1.0
2_66_u,1,"nice jon joe, you are quite the craftsman!","nice job, joe. you're quite the craftsman.",0.625
2_69_u,0,cover yourself up!,you're coming yourself up!,0.6666666666666666
2_7_u,0,i've never loved anybody as much as i love you.,i never let anybody else go to such a lucky home.,0.9
2_71_u,1,"thatõs good, just keep rubbing your head. that will turn back time",that's good. just keep rubbing your head. that'll turn back time.,0.4166666666666667
2_72_u,0,oh well. it probably would've been the most constructive solution.,"oh well, you have probably wouldn't have been the most constructive solution.",0.5
2_73_u,1,"oh my god, you almost gave me a heart attack!","oh my god, you almost gave me a heart attack.",0.1
2_74_u,1,show them your slides of hawaii,show them your slides of hawaii.,0.16666666666666666
2_77_u,0,"umm, excuse me, we switched apartments. you can't eat are food anymore, that-that gravy train had ended.","um, excuse me, we switched apartments. you can't eat our food anymore, that gravy drain is in it.",0.4117647058823529
2_78_u,0,"i didn't know you and carol were getting divorced, i'm sorry.",why didn't you and kara were getting divorced? i'm sorry.,0.36363636363636365
2_79_u,0,"i'm just gonna throw it out, it's probably just a bunch of shampoo and...","just gonna throw it out, it's prejudiced up into shampoo.",0.5714285714285714
2_8_u,0,"it's white plastic, with a handle, and it fits onto a stroller.",we lost the car seat on a bus.,0.9166666666666666
2_84_u,1,"if that doesn't keep kids in school, what will?","if that does you keep kids in school, what will?",0.2222222222222222
2_86_u,0,"great! okay, here.","let me see the room. great. okay, here.",2.0
2_87_u,0,yeah it would!,"yeah, wood.",1.0
2_88_u,0,oh.,okay.,1.0
2_89_u,1,on the home shopping network,on the home shopping network.,0.2
2_9_u,1,"no rose, go to the corner and open a stand","no rose, go to the corner and open a stand.",0.1
2_91_u,0,"alright, i'm gonna go pick up a few things for the trip.","alright, i'm gonna go pick up a few things for the trip.",0.0
2_92_u,1,"no, no, i am just looking for a man to draw on me with chalk.","no, i'm just looking for a man to draw on me with chalk.",0.2
2_94_u,0,"can't do it, can you?","can't do it, can't you?",0.2
2_96_u,0,i don't think so. hello? when you get in there,"really? no, it's home. i don't think so. hello? so, when you get in there...",0.6
2_97_u,1,it would be nice to have a little guarantee though.,it'll be nice to have a little guarantee though.,0.2
3_S01E01_128_u,0,"hey, did you hear what peter gregory is doing?",and you're here with peter gregory is doing?,0.5555555555555556
3_S01E01_226_u,1,"oh. look at me, i traveled back to 2009.","look at me, i trebled back to 2009.",0.2222222222222222
3_S01E01_255_u,0,it's an upside down cross.,it's an upside down cross.,0.0
3_S01E01_568_u,0,to his beneficence.,do his beneficence.,0.3333333333333333
3_S01E02_004_u,0,hey. sorry if i scared you. i know i have somewhat ghost-like features.,"hey, sorry if i scared you, i know i have some ghost-like features.",0.23076923076923078
3_S01E02_324_u,1,"listen, we all love big head. but the truth is, he's not as good of a coder as i am, not as good at system architecture as gilfoyle, not as good at being a prick as you, no offense.","listen, we all love big head, but the truth is he's not as good of a quarter as i am. not as good as system architecture as guildfoil. not as good at being a prick as you. no offense.",0.1794871794871795
3_S01E02_461_u,0,i was sleeping. i'm sorry for sleeping and for lying about it.,i was sleeping. i'm sorry for sleeping and for lying about.,0.16666666666666666
3_S01E03_021_u,0,like jesus over satan.,like jesus over satan.,0.0
3_S01E03_024_u,0,is it a margarita machine?,is it a margarita machine?,0.0
3_S01E03_056_u,1,"""placeholder"" would honestly be a better name than pied piper.",placeholder would honestly be a better name than pipe piper.,0.2
3_S01E03_122_u,1,your borders are merely a construct. i prefer to think of myself as a citizen of the world.,your borders are merely a construct i prefer to think of myself as a citizen of the world.,0.05555555555555555
3_S01E03_249_u,1,"we might as well have interns, we hire illegal aliens.",we might as well have interns with high real legal aliens.,0.5
3_S01E03_359_u,0,hey! that is not cherry garcia.,"hey, that is not cherry garci-",0.3333333333333333
3_S01E03_517_u,0,he ate the whole bag of gold caps. awesome!,he ate a whole bag of gold caps. awesome.,0.2222222222222222
3_S01E04_009_u,0,"oh, yeah. no, she's... she's very pretty.","oh yeah, no she's, she's very pretty.",0.5714285714285714
3_S01E04_327_u,1,you catch on slow. you'll fit right in here.,you'll fit right in here.,0.4444444444444444
3_S01E04_342_u,0,"for which i forewent, yes, that's a real word, one million dollars.","for which i forwent, yes, that's a real word. one million dollars.",0.16666666666666666
3_S01E04_356_u,0,"is a perfect example of you having no vision, no balls and no game. maybe he did blow him. well, love and hate. it's all passion.","is a perfect example of you having no vision, no balls, and no game. maybe you did blow. i bet everything. i love and hate. it's all passion.",0.2692307692307692
3_S01E05_417_u,1,"anything to do with ""error"" sounds like your whole vibe.",anything to do with air sounds like your whole vibe.,0.1
3_S01E05_456_u,1,maybe my leisurely pace is just a little faster than yours.,maybe my leisurely pace is just a little faster than yours.,0.0
3_S01E05_520_u,1,"take your time. there's no rush, dinesh.","take your time, there's no rush to nash.",0.5714285714285714
3_S01E06_054_u,0,"yes, we are totally fucked.","yes, we are totally fucked.",0.0
3_S01E06_266_u,1,she's attracted to ugliness.,she's attracted to uglyna.,0.25
3_S01E08_422_u,1,at least it didn't happen in a public and brutally embarrassing way.,at least it didn't happen in a public and brutally embarrassing way.,0.0
3_S02E01_050_u,1,"i get it. you hear the word ""chief,"" and you think ""indian chief."" but you're the other kind of indian.","i get it. you hear the word chief and you think indian chief, but you're the other kind of indian. okay, one fuck you.",0.35
3_S02E01_096_u,0,"richard, tell him i'm cto. dinesh: you already told that fat guy that i'm the cto.","tell him i'm cto. no, you already talk to the fat guy on the cto. stop!",0.5
3_S02E01_413_u,1,oh. wow. thanks for the compliment.,oh wow thanks for the compliment.,0.3333333333333333
3_S02E02_081_u,1,but the fact that you're so sorry makes it all better.,but the fact that you're so sorry makes it all better.,0.0
3_S02E03_218_u,1,do you want me to be honest or nice?,do it to be honest or nice.,0.4444444444444444
3_S02E03_229_u,0,are you out of your mind?,are you out of your mind?,0.0
3_S02E03_244_u,1,sounds like erlich.,sounds like earluck.,0.3333333333333333
3_S02E03_370_u,0,because we're negotiating against each other.,because when negotiating against each other,0.3333333333333333
3_S02E03_561_u,1,does it mean taking a stack of cash and lighting it on fire?,does it mean taking a stack of cash and lighting it on fire?,0.0
3_S02E04_162_u,0,"i disagree, oj. we should hire the best person for the job, period.","i disagree, oj. we should hire the best person for the job, period.",0.0
3_S02E04_395_u,0,"no, we all have equalized pay, remember?","no, we all have equalized pay, remember.",0.14285714285714285
3_S02E05_179_u,0,we build our own servers.,we build our own servers.,0.0
3_S02E05_378_u,1,"i'm sure you were great at fingerpainting, also, dinesh.","i'm sure you were great at finger painting also, dinesh.",0.2222222222222222
3_S02E05_466_u,0,"i'm not getting high on the job. i'm getting high at home. i live here, remember?",i'm not getting high on the job. i'm getting high at home. i live here. remember?,0.0625
3_S02E07_256_u,1,that's very comforting.,it's very comforting.,0.3333333333333333
3_S02E10_133_u,1,"sorry, i couldn't remember your mother's name.","sorry, i couldn't remember your mother's name.",0.0
3_S03E01_185_u,0,no.,no.,0.0
3_S03E01_409_u,0,that's a bold statement.,can't. that's a bold statement.,0.25
3_S03E01_431_u,1,"(sighs) great timing, guys. thank you so much. premium stuff, dinesh.",great timing guys. thank you so much. premium stuff to nash.,0.45454545454545453
3_S03E02_062_u,0,"gilfoyle: yeah, compared to the shit shack we're used to, anything's an improvement.","compared to the shitchat we're used to, anything's an improvement.",0.3076923076923077
3_S03E02_111_u,1,"don't you guys call it ""rock, rock, rock""?",don't you guys call it rock rock rock?,0.375
3_S03E03_012_u,0,i can't believe you suggested the idea of building a fucking appliance.,i can't believe you suggested the idea of burning a fucking apply.,0.16666666666666666
3_S03E03_111_u,0,"the more meetings i turn down, the more these recruiters send me.","the more meetings i turn down, the more these recruiters send me.",0.0
3_S03E03_126_u,1,"but instead of that, you bought a chain?",but instead of that you bought a chain.,0.25
3_S03E03_316_u,0,"richard, look, i'm sorry, but i think the box is here to stay.","for sure, look, i'm sorry, but i think the box is here.",0.38461538461538464
3_S03E03_511_u,0,this plan better fucking work with a sacrifice like this.,this plan better fucking work with a sacrifice like this.,0.0
3_S03E04_437_u,0,"thank you, jared.","thank you, jared.",0.0
3_S04E01_575_u,1,"but since your failure as a leader is a virtual certainty, tolerating your short reign as ceo in exchange for a front-row seat to the disaster seems fair.","but since your failure as a leader is a virtual certainty, tolerating your short reign as ceo in exchange for a front row seat to the disaster seems fair.",0.07142857142857142
3_S04E02_217_u,1,"no, i think you should use more.","nope, i think you should use more.",0.14285714285714285
3_S04E02_326_u,1,"i mean, i knew dinesh was going to fuck this all up, but honestly, this couldn't get any better.","i mean, i knew dinesh was going to fuck this all up, but honestly, this couldn't get any better.",0.0
3_S04E04_363_u,1,these are from your mom.,it's a from your mom.,0.4
3_S04E05_313_u,1,when you have to apologise,when you have to apologize.,0.2
3_S04E05_320_u,0,that was the iranian revolutionary guard.,oz iranian revolutionary guard.,0.5
3_S04E05_485_u,0,your fourth child?,a worse child?,0.6666666666666666
3_S04E05_497_u,0,"so, you're not mad at me anymore?",so you're not mad at me anymore.,0.2857142857142857
3_S04E06_526_u,0,does it look like i care?,does it look like i care?,0.0
3_S04E07_292_u,1,now i can give it to erlich.,now i can give it to eric.,0.14285714285714285
3_S04E10_120_u,1,outstanding.,now it's down there.,4.0
3_S05E01_120_u,0,"he was oddly tall, don't you think?","it was only tall, don't you think?",0.2857142857142857
3_S05E02_072_u,1,congratulations. you've finally taken your rightful spot amongst the handicapped.,congratulations. you finally taken your rightful spot amongst the handicapped.,0.1
3_S05E02_532_u,0,there better not be a chinaman in my bed.,they're better not be a chinaman in my bed.,0.1111111111111111
3_S05E03_098_u,0,so do you mind telling us when you feel like you can make it in?,so do you mind telling us when you feel like you can make it in? sure.,0.06666666666666667
3_S05E05_119_u,0,i'm worried about robots.,i'm worried about robots.,0.0
3_S05E06_207_u,0,i believe we all know who's the better coder anyway.,i believe we all know who's the better code or anyway.,0.2
3_S06E01_317_u,0,he's our most profitable developer by far.,these are most profitable developer by far.,0.2857142857142857
3_S06E01_417_u,1,-almost a human.,almost a human.,0.3333333333333333
3_S06E01_460_u,1,do you need the real me for this conversation?,do you need the real me for this conversation?,0.0
3_S06E02_152_u,0,"you're new here, so i'll forgive the patronizing tone.",you're new here. so i'll forgive the patronizing tone.,0.1111111111111111
3_S06E02_171_u,0,"i finished cryptonomicon,",the es chelsea,1.0
3_S06E02_398_u,0,"look, we cannot take blood money.","look, we cannot take bloodmur...",0.3333333333333333
3_S06E03_366_u,1,the-the same way we can buy america and everything in it.,the same way we can buy america and everything in,0.18181818181818182
3_S06E05_355_u,1,"well, maybe some time when you're working on something, i can come interrupt your flow and use words incorrectly to tell you about it.","well, maybe sometime when you're working on something, i can come interrupt your flow and use words incorrectly to tell you about it.",0.08333333333333333
3_S06E06_143_u,1,i thought that was the company policy-these days.,i thought that was the company policy these days. okay.,0.375
3_S06E07_272_u,1,that you're an alcoholic?,that urinal alcohol,0.75
